[{"model": "admin.logentry", "pk": 1, "fields": {"action_time": "2021-12-10T13:50:32.769Z", "user": 30, "content_type": 14, "object_id": "2", "object_repr": "graduate_girl", "action_flag": 3, "change_message": ""}}, {"model": "admin.logentry", "pk": 2, "fields": {"action_time": "2021-12-10T13:50:32.776Z", "user": 30, "content_type": 14, "object_id": "1", "object_repr": "test_graduate_girl", "action_flag": 3, "change_message": ""}}, {"model": "admin.logentry", "pk": 3, "fields": {"action_time": "2021-12-12T16:42:36.795Z", "user": 30, "content_type": 8, "object_id": "7", "object_repr": "room-7", "action_flag": 3, "change_message": ""}}, {"model": "admin.logentry", "pk": 4, "fields": {"action_time": "2021-12-12T16:42:36.798Z", "user": 30, "content_type": 8, "object_id": "6", "object_repr": "room-6", "action_flag": 3, "change_message": ""}}, {"model": "admin.logentry", "pk": 5, "fields": {"action_time": "2021-12-12T16:42:36.800Z", "user": 30, "content_type": 8, "object_id": "5", "object_repr": "room-5", "action_flag": 3, "change_message": ""}}, {"model": "admin.logentry", "pk": 6, "fields": {"action_time": "2021-12-12T16:42:36.801Z", "user": 30, "content_type": 8, "object_id": "4", "object_repr": "room-4", "action_flag": 3, "change_message": ""}}, {"model": "admin.logentry", "pk": 7, "fields": {"action_time": "2021-12-12T16:42:36.803Z", "user": 30, "content_type": 8, "object_id": "3", "object_repr": "room-3", "action_flag": 3, "change_message": ""}}, {"model": "admin.logentry", "pk": 8, "fields": {"action_time": "2022-01-12T09:54:58.954Z", "user": 30, "content_type": 9, "object_id": "f873ae91-4c2a-4fe0-a5d5-c4555525714a", "object_repr": "好的 (f873ae91-4c2a-4fe0-a5d5-c4555525714a)", "action_flag": 2, "change_message": "[{\"changed\": {\"fields\": [\"School\", \"Game\"]}}]"}}, {"model": "admin.logentry", "pk": 9, "fields": {"action_time": "2022-01-12T10:17:57.366Z", "user": 30, "content_type": 9, "object_id": "e2abf309-688e-4fd3-b825-72fdb8a83d44", "object_repr": "森林@#$%!~()<>?:\"{}+*_ (e2abf309-688e-4fd3-b825-72fdb8a83d44)", "action_flag": 2, "change_message": "[{\"changed\": {\"fields\": [\"Game\"]}}]"}}, {"model": "admin.logentry", "pk": 10, "fields": {"action_time": "2022-01-12T10:18:04.551Z", "user": 30, "content_type": 9, "object_id": "2fa45349-a749-4ccc-843a-bf690fa544ee", "object_repr": "!@#$%^&*()_+}:Q\"WMDO (2fa45349-a749-4ccc-843a-bf690fa544ee)", "action_flag": 2, "change_message": "[{\"changed\": {\"fields\": [\"Game\"]}}]"}}, {"model": "auth.permission", "pk": 1, "fields": {"name": "Can add log entry", "content_type": 1, "codename": "add_logentry"}}, {"model": "auth.permission", "pk": 2, "fields": {"name": "Can change log entry", "content_type": 1, "codename": "change_logentry"}}, {"model": "auth.permission", "pk": 3, "fields": {"name": "Can delete log entry", "content_type": 1, "codename": "delete_logentry"}}, {"model": "auth.permission", "pk": 4, "fields": {"name": "Can view log entry", "content_type": 1, "codename": "view_logentry"}}, {"model": "auth.permission", "pk": 5, "fields": {"name": "Can add permission", "content_type": 2, "codename": "add_permission"}}, {"model": "auth.permission", "pk": 6, "fields": {"name": "Can change permission", "content_type": 2, "codename": "change_permission"}}, {"model": "auth.permission", "pk": 7, "fields": {"name": "Can delete permission", "content_type": 2, "codename": "delete_permission"}}, {"model": "auth.permission", "pk": 8, "fields": {"name": "Can view permission", "content_type": 2, "codename": "view_permission"}}, {"model": "auth.permission", "pk": 9, "fields": {"name": "Can add group", "content_type": 3, "codename": "add_group"}}, {"model": "auth.permission", "pk": 10, "fields": {"name": "Can change group", "content_type": 3, "codename": "change_group"}}, {"model": "auth.permission", "pk": 11, "fields": {"name": "Can delete group", "content_type": 3, "codename": "delete_group"}}, {"model": "auth.permission", "pk": 12, "fields": {"name": "Can view group", "content_type": 3, "codename": "view_group"}}, {"model": "auth.permission", "pk": 13, "fields": {"name": "Can add user", "content_type": 4, "codename": "add_user"}}, {"model": "auth.permission", "pk": 14, "fields": {"name": "Can change user", "content_type": 4, "codename": "change_user"}}, {"model": "auth.permission", "pk": 15, "fields": {"name": "Can delete user", "content_type": 4, "codename": "delete_user"}}, {"model": "auth.permission", "pk": 16, "fields": {"name": "Can view user", "content_type": 4, "codename": "view_user"}}, {"model": "auth.permission", "pk": 17, "fields": {"name": "Can add content type", "content_type": 5, "codename": "add_contenttype"}}, {"model": "auth.permission", "pk": 18, "fields": {"name": "Can change content type", "content_type": 5, "codename": "change_contenttype"}}, {"model": "auth.permission", "pk": 19, "fields": {"name": "Can delete content type", "content_type": 5, "codename": "delete_contenttype"}}, {"model": "auth.permission", "pk": 20, "fields": {"name": "Can view content type", "content_type": 5, "codename": "view_contenttype"}}, {"model": "auth.permission", "pk": 21, "fields": {"name": "Can add session", "content_type": 6, "codename": "add_session"}}, {"model": "auth.permission", "pk": 22, "fields": {"name": "Can change session", "content_type": 6, "codename": "change_session"}}, {"model": "auth.permission", "pk": 23, "fields": {"name": "Can delete session", "content_type": 6, "codename": "delete_session"}}, {"model": "auth.permission", "pk": 24, "fields": {"name": "Can view session", "content_type": 6, "codename": "view_session"}}, {"model": "auth.permission", "pk": 25, "fields": {"name": "Can add question", "content_type": 7, "codename": "add_question"}}, {"model": "auth.permission", "pk": 26, "fields": {"name": "Can change question", "content_type": 7, "codename": "change_question"}}, {"model": "auth.permission", "pk": 27, "fields": {"name": "Can delete question", "content_type": 7, "codename": "delete_question"}}, {"model": "auth.permission", "pk": 28, "fields": {"name": "Can view question", "content_type": 7, "codename": "view_question"}}, {"model": "auth.permission", "pk": 29, "fields": {"name": "Can add room", "content_type": 8, "codename": "add_room"}}, {"model": "auth.permission", "pk": 30, "fields": {"name": "Can change room", "content_type": 8, "codename": "change_room"}}, {"model": "auth.permission", "pk": 31, "fields": {"name": "Can delete room", "content_type": 8, "codename": "delete_room"}}, {"model": "auth.permission", "pk": 32, "fields": {"name": "Can view room", "content_type": 8, "codename": "view_room"}}, {"model": "auth.permission", "pk": 33, "fields": {"name": "Can add player", "content_type": 9, "codename": "add_player"}}, {"model": "auth.permission", "pk": 34, "fields": {"name": "Can change player", "content_type": 9, "codename": "change_player"}}, {"model": "auth.permission", "pk": 35, "fields": {"name": "Can delete player", "content_type": 9, "codename": "delete_player"}}, {"model": "auth.permission", "pk": 36, "fields": {"name": "Can view player", "content_type": 9, "codename": "view_player"}}, {"model": "auth.permission", "pk": 37, "fields": {"name": "Can add photo", "content_type": 10, "codename": "add_photo"}}, {"model": "auth.permission", "pk": 38, "fields": {"name": "Can change photo", "content_type": 10, "codename": "change_photo"}}, {"model": "auth.permission", "pk": 39, "fields": {"name": "Can delete photo", "content_type": 10, "codename": "delete_photo"}}, {"model": "auth.permission", "pk": 40, "fields": {"name": "Can view photo", "content_type": 10, "codename": "view_photo"}}, {"model": "auth.permission", "pk": 41, "fields": {"name": "Can add school", "content_type": 11, "codename": "add_school"}}, {"model": "auth.permission", "pk": 42, "fields": {"name": "Can change school", "content_type": 11, "codename": "change_school"}}, {"model": "auth.permission", "pk": 43, "fields": {"name": "Can delete school", "content_type": 11, "codename": "delete_school"}}, {"model": "auth.permission", "pk": 44, "fields": {"name": "Can view school", "content_type": 11, "codename": "view_school"}}, {"model": "auth.permission", "pk": 45, "fields": {"name": "Can add dialogue", "content_type": 12, "codename": "add_dialogue"}}, {"model": "auth.permission", "pk": 46, "fields": {"name": "Can change dialogue", "content_type": 12, "codename": "change_dialogue"}}, {"model": "auth.permission", "pk": 47, "fields": {"name": "Can delete dialogue", "content_type": 12, "codename": "delete_dialogue"}}, {"model": "auth.permission", "pk": 48, "fields": {"name": "Can view dialogue", "content_type": 12, "codename": "view_dialogue"}}, {"model": "auth.permission", "pk": 49, "fields": {"name": "Can add robot", "content_type": 13, "codename": "add_robot"}}, {"model": "auth.permission", "pk": 50, "fields": {"name": "Can change robot", "content_type": 13, "codename": "change_robot"}}, {"model": "auth.permission", "pk": 51, "fields": {"name": "Can delete robot", "content_type": 13, "codename": "delete_robot"}}, {"model": "auth.permission", "pk": 52, "fields": {"name": "Can view robot", "content_type": 13, "codename": "view_robot"}}, {"model": "auth.permission", "pk": 53, "fields": {"name": "Can add game", "content_type": 14, "codename": "add_game"}}, {"model": "auth.permission", "pk": 54, "fields": {"name": "Can change game", "content_type": 14, "codename": "change_game"}}, {"model": "auth.permission", "pk": 55, "fields": {"name": "Can delete game", "content_type": 14, "codename": "delete_game"}}, {"model": "auth.permission", "pk": 56, "fields": {"name": "Can view game", "content_type": 14, "codename": "view_game"}}, {"model": "auth.permission", "pk": 57, "fields": {"name": "Can add role", "content_type": 15, "codename": "add_role"}}, {"model": "auth.permission", "pk": 58, "fields": {"name": "Can change role", "content_type": 15, "codename": "change_role"}}, {"model": "auth.permission", "pk": 59, "fields": {"name": "Can delete role", "content_type": 15, "codename": "delete_role"}}, {"model": "auth.permission", "pk": 60, "fields": {"name": "Can view role", "content_type": 15, "codename": "view_role"}}, {"model": "auth.permission", "pk": 61, "fields": {"name": "Can add game role", "content_type": 15, "codename": "add_gamerole"}}, {"model": "auth.permission", "pk": 62, "fields": {"name": "Can change game role", "content_type": 15, "codename": "change_gamerole"}}, {"model": "auth.permission", "pk": 63, "fields": {"name": "Can delete game role", "content_type": 15, "codename": "delete_gamerole"}}, {"model": "auth.permission", "pk": 64, "fields": {"name": "Can view game role", "content_type": 15, "codename": "view_gamerole"}}, {"model": "auth.permission", "pk": 65, "fields": {"name": "Can add game event", "content_type": 16, "codename": "add_gameevent"}}, {"model": "auth.permission", "pk": 66, "fields": {"name": "Can change game event", "content_type": 16, "codename": "change_gameevent"}}, {"model": "auth.permission", "pk": 67, "fields": {"name": "Can delete game event", "content_type": 16, "codename": "delete_gameevent"}}, {"model": "auth.permission", "pk": 68, "fields": {"name": "Can view game event", "content_type": 16, "codename": "view_gameevent"}}, {"model": "auth.permission", "pk": 69, "fields": {"name": "Can add match", "content_type": 17, "codename": "add_match"}}, {"model": "auth.permission", "pk": 70, "fields": {"name": "Can change match", "content_type": 17, "codename": "change_match"}}, {"model": "auth.permission", "pk": 71, "fields": {"name": "Can delete match", "content_type": 17, "codename": "delete_match"}}, {"model": "auth.permission", "pk": 72, "fields": {"name": "Can view match", "content_type": 17, "codename": "view_match"}}, {"model": "auth.permission", "pk": 73, "fields": {"name": "Can add city", "content_type": 18, "codename": "add_city"}}, {"model": "auth.permission", "pk": 74, "fields": {"name": "Can change city", "content_type": 18, "codename": "change_city"}}, {"model": "auth.permission", "pk": 75, "fields": {"name": "Can delete city", "content_type": 18, "codename": "delete_city"}}, {"model": "auth.permission", "pk": 76, "fields": {"name": "Can view city", "content_type": 18, "codename": "view_city"}}, {"model": "auth.user", "pk": 26, "fields": {"password": "pbkdf2_sha256$260000$LQ4GjUpStbRqaBJnCloNkI$Iw1dfnc4Z2+KY0z4dLqRuhPRvT6/J+B4bzNSLb0UwQ0=", "last_login": "2022-01-20T06:04:31.361Z", "is_superuser": false, "username": "kfc9594@yahoo.com.tw0", "first_name": "", "last_name": "", "email": "kfc9594@yahoo.com.tw", "is_staff": false, "is_active": true, "date_joined": "2021-12-02T07:29:08.775Z", "groups": [], "user_permissions": []}}, {"model": "auth.user", "pk": 28, "fields": {"password": "pbkdf2_sha256$260000$Mu95YA4zUSPLU6GcNwBcoD$jVHXVIqsEw95ulRp1r9cFX26KcPFfvU3uBHrcsqaWfU=", "last_login": "2022-01-20T14:34:02.361Z", "is_superuser": false, "username": "kfc9594@yahoo.com.tw1", "first_name": "", "last_name": "", "email": "kfc9594@yahoo.com.tw", "is_staff": false, "is_active": true, "date_joined": "2021-12-02T09:30:56.592Z", "groups": [], "user_permissions": []}}, {"model": "auth.user", "pk": 29, "fields": {"password": "pbkdf2_sha256$260000$cWlDBo5jfUqMU3zxv2Pq71$ey5Ldzs8nT4ykzt00+VzPMtB7LDSudjUFmw60CXiQO0=", "last_login": "2022-01-20T03:17:20.037Z", "is_superuser": false, "username": "kfc9594@yahoo.com.tw2", "first_name": "", "last_name": "", "email": "kfc9594@yahoo.com.tw", "is_staff": false, "is_active": true, "date_joined": "2021-12-02T10:02:31.256Z", "groups": [], "user_permissions": []}}, {"model": "auth.user", "pk": 30, "fields": {"password": "pbkdf2_sha256$260000$MCnZ5UMsZpgmmBJaTeucjI$oZieq/46zTWdvrjqCWdEESEIoX0MV8zHuacsfEwtwpk=", "last_login": "2022-01-14T02:11:03.843Z", "is_superuser": true, "username": "jason959493@gmail.com", "first_name": "", "last_name": "", "email": "jason959493@gmail.com", "is_staff": true, "is_active": true, "date_joined": "2021-12-10T05:56:02.880Z", "groups": [], "user_permissions": []}}, {"model": "contenttypes.contenttype", "pk": 1, "fields": {"app_label": "admin", "model": "logentry"}}, {"model": "contenttypes.contenttype", "pk": 2, "fields": {"app_label": "auth", "model": "permission"}}, {"model": "contenttypes.contenttype", "pk": 3, "fields": {"app_label": "auth", "model": "group"}}, {"model": "contenttypes.contenttype", "pk": 4, "fields": {"app_label": "auth", "model": "user"}}, {"model": "contenttypes.contenttype", "pk": 5, "fields": {"app_label": "contenttypes", "model": "contenttype"}}, {"model": "contenttypes.contenttype", "pk": 6, "fields": {"app_label": "sessions", "model": "session"}}, {"model": "contenttypes.contenttype", "pk": 7, "fields": {"app_label": "chat", "model": "question"}}, {"model": "contenttypes.contenttype", "pk": 8, "fields": {"app_label": "chat", "model": "room"}}, {"model": "contenttypes.contenttype", "pk": 9, "fields": {"app_label": "chat", "model": "player"}}, {"model": "contenttypes.contenttype", "pk": 10, "fields": {"app_label": "chat", "model": "photo"}}, {"model": "contenttypes.contenttype", "pk": 11, "fields": {"app_label": "chat", "model": "school"}}, {"model": "contenttypes.contenttype", "pk": 12, "fields": {"app_label": "chat", "model": "dialogue"}}, {"model": "contenttypes.contenttype", "pk": 13, "fields": {"app_label": "chat", "model": "robot"}}, {"model": "contenttypes.contenttype", "pk": 14, "fields": {"app_label": "chat", "model": "game"}}, {"model": "contenttypes.contenttype", "pk": 15, "fields": {"app_label": "chat", "model": "gamerole"}}, {"model": "contenttypes.contenttype", "pk": 16, "fields": {"app_label": "chat", "model": "gameevent"}}, {"model": "contenttypes.contenttype", "pk": 17, "fields": {"app_label": "chat", "model": "match"}}, {"model": "contenttypes.contenttype", "pk": 18, "fields": {"app_label": "chat", "model": "city"}}, {"model": "sessions.session", "pk": "0ywr2lvbpe68keyvcnkn21qzsmt2df2q", "fields": {"session_data": ".eJxVjEEOwiAQRe_C2hBgoHRcuu8ZyAygVA0kpV0Z765NutDtf-_9lwi0rSVsPS9hTuIsQInT78gUH7nuJN2p3pqMra7LzHJX5EG7nFrKz8vh_h0U6uVbR6RIFpmVZhxwMMAJPDt2yqnRGc_gSGuHGS1YxvGKWQEYnRMkVF68P_o4N0Q:1mvbvV:Iw-lEE3YYTi5nHCvQJoxFWeFCoGpyLSczPOhkuf2Zss", "expire_date": "2021-12-24T09:10:49.695Z"}}, {"model": "sessions.session", "pk": "4om4xisl3rc9highflg3ajckk3hy3831", "fields": {"session_data": ".eJxVjEEOwiAQRe_C2hBgoHRcuu8ZyAygVA0kpV0Z765NutDtf-_9lwi0rSVsPS9hTuIsQInT78gUH7nuJN2p3pqMra7LzHJX5EG7nFrKz8vh_h0U6uVbR6RIFpmVZhxwMMAJPDt2yqnRGc_gSGuHGS1YxvGKWQEYnRMkVF68P_o4N0Q:1mwRwK:zNXNeHu0baAIbAZDKCxLo3uaFn-YRAjLiFTbHDMW6_0", "expire_date": "2021-12-26T16:43:08.403Z"}}, {"model": "sessions.session", "pk": "72rcqvwejxev8rub6bhyznj61r5yac7f", "fields": {"session_data": ".eJxVjEEOwiAQRe_C2hBgoHRcuu8ZyAygVA0kpV0Z765NutDtf-_9lwi0rSVsPS9hTuIsQInT78gUH7nuJN2p3pqMra7LzHJX5EG7nFrKz8vh_h0U6uVbR6RIFpmVZhxwMMAJPDt2yqnRGc_gSGuHGS1YxvGKWQEYnRMkVF68P_o4N0Q:1mvYtK:V8PmP9wKAzeckLmAyjEKC51Q9vq5BYTU4sl5U4De0oY", "expire_date": "2021-12-24T05:56:22.279Z"}}, {"model": "sessions.session", "pk": "bc6t2ywexclpajo8cy8mlpntu3b9tnsv", "fields": {"session_data": ".eJxVjEEOwiAQRe_C2hBgoHRcuu8ZyAygVA0kpV0Z765NutDtf-_9lwi0rSVsPS9hTuIsQInT78gUH7nuJN2p3pqMra7LzHJX5EG7nFrKz8vh_h0U6uVbR6RIFpmVZhxwMMAJPDt2yqnRGc_gSGuHGS1YxvGKWQEYnRMkVF68P_o4N0Q:1n7a7P:vmykum3UE7UFN5vroaeZncU49YgB9U_4sSHc6OukJro", "expire_date": "2022-01-26T09:40:35.798Z"}}, {"model": "sessions.session", "pk": "muzzwqj5wg42tbrhww1y6tza3jbht3gl", "fields": {"session_data": ".eJxVjEEOwiAQRe_C2hBgoHRcuu8ZyAygVA0kpV0Z765NutDtf-_9lwi0rSVsPS9hTuIsQInT78gUH7nuJN2p3pqMra7LzHJX5EG7nFrKz8vh_h0U6uVbR6RIFpmVZhxwMMAJPDt2yqnRGc_gSGuHGS1YxvGKWQEYnRMkVF68P_o4N0Q:1n8C3T:hlDJJTggy09pf_rnnYjPweX6j2rZyVgZoiIUZ8Vflg8", "expire_date": "2022-01-28T02:11:03.847Z"}}, {"model": "sessions.session", "pk": "tb1vj2vz235u6k5m2jseptv3iejju4yv", "fields": {"session_data": ".eJxVjEEOwiAQRe_C2hBgoHRcuu8ZyAygVA0kpV0Z765NutDtf-_9lwi0rSVsPS9hTuIsQInT78gUH7nuJN2p3pqMra7LzHJX5EG7nFrKz8vh_h0U6uVbR6RIFpmVZhxwMMAJPDt2yqnRGc_gSGuHGS1YxvGKWQEYnRMkVF68P_o4N0Q:1n7a0H:xvQEmzWe8JH8pytbHtFwpb6aTZdCVUU2PCJ29_kM62s", "expire_date": "2022-01-26T09:33:13.792Z"}}, {"model": "sessions.session", "pk": "tsh92wvzv6ynuw2fkqr5fscdnwc1xa0l", "fields": {"session_data": ".eJxVjEEOwiAQRe_C2hBgoHRcuu8ZyAygVA0kpV0Z765NutDtf-_9lwi0rSVsPS9hTuIsQInT78gUH7nuJN2p3pqMra7LzHJX5EG7nFrKz8vh_h0U6uVbR6RIFpmVZhxwMMAJPDt2yqnRGc_gSGuHGS1YxvGKWQEYnRMkVF68P_o4N0Q:1mwRud:1j7FeCBxAFtfDhzbwX-qdJUlQ6KpgbzDlzSJ_waON-w", "expire_date": "2021-12-26T16:41:23.106Z"}}, {"model": "sessions.session", "pk": "ze2xiudn8ia1rpkqkc0yq4spcb7w4vdo", "fields": {"session_data": ".eJxVjMsOwiAQAP-FsyG8uoJH734D2WWpVA0kpT0Z_92Q9KDXmcm8RcR9K3HveY0Li4swXpx-IWF65joMP7Dem0ytbutCciTysF3eGufX9Wj_BgV7GV9KDlVIViPZCTRbCGA4BE2zyR6NTcpAmBQxK5uyAgsI5B0op-E8i88X_Kw3Zg:1nAYVm:ctT08zfVZpQqGLzHOTDgPmfjBWFCguILPEcSTPo__7U", "expire_date": "2022-02-03T14:34:02.365Z"}}, {"model": "chat.room", "pk": 22, "fields": {"create_date": "2021-12-28T09:01:07.360Z", "city": null, "game": 2, "player_dict": {"e2abf309-688e-4fd3-b825-72fdb8a83d44": ["森林@#$%!~()<>?:\"{}+*_", "f", "偵探", 1], "2fa45349-a749-4ccc-843a-bf690fa544ee": ["!@#$%^&*()_+}:Q\"WMDO", "m", "系上學弟", 0], "f873ae91-4c2a-4fe0-a5d5-c4555525714a": ["好的", "m", "打工的同事", 0]}, "onoff_dict": {"e2abf309-688e-4fd3-b825-72fdb8a83d44": -1, "2fa45349-a749-4ccc-843a-bf690fa544ee": -1, "f873ae91-4c2a-4fe0-a5d5-c4555525714a": -1}, "answer": {"noplayer0": ["打翻了桌上的食物", "地上有滿地食物，是不是有人不小心打翻了食物？"], "noplayer1": ["吐了滿地", "酒吧外面有嘔吐物，如果不是我，就是有人酒量不好吐了滿地。"], "e2abf309-688e-4fd3-b825-72fdb8a83d44": ["偵探本人", " "], "2fa45349-a749-4ccc-843a-bf690fa544ee": ["與偵探發生關係", " "], "f873ae91-4c2a-4fe0-a5d5-c4555525714a": ["與其他人發生爭執", "酒吧裡有打鬥的痕跡，看來有人在這邊發生過爭執。"]}}}, {"model": "chat.room", "pk": 23, "fields": {"create_date": "2021-12-28T09:09:40.121Z", "city": null, "game": 2, "player_dict": {"e2abf309-688e-4fd3-b825-72fdb8a83d44": ["森林@#$%!~()<>?:\"{}+*_", "f", "偵探", 1], "2fa45349-a749-4ccc-843a-bf690fa544ee": ["!@#$%^&*()_+}:Q\"WMDO", "m", "系上學弟", 0], "f873ae91-4c2a-4fe0-a5d5-c4555525714a": ["好的", "m", "他系學伴", 0]}, "onoff_dict": {"e2abf309-688e-4fd3-b825-72fdb8a83d44": 1, "2fa45349-a749-4ccc-843a-bf690fa544ee": 1, "f873ae91-4c2a-4fe0-a5d5-c4555525714a": 1}, "answer": {"noplayer0": ["吐了滿地", "酒吧外面有嘔吐物，如果不是我，就是有人酒量不好吐了滿地。"], "noplayer1": ["帶家裡的小狗來擋酒", "酒吧內有小狗的咬痕，看來有人帶狗狗來續攤了。"], "e2abf309-688e-4fd3-b825-72fdb8a83d44": ["偵探本人", " "], "2fa45349-a749-4ccc-843a-bf690fa544ee": ["與其他人發生爭執", "酒吧裡有打鬥的痕跡，看來有人在這邊發生過爭執。"], "f873ae91-4c2a-4fe0-a5d5-c4555525714a": ["與偵探發生關係", " "]}}}, {"model": "chat.room", "pk": 24, "fields": {"create_date": "2021-12-28T09:11:25.325Z", "city": null, "game": 2, "player_dict": {"e2abf309-688e-4fd3-b825-72fdb8a83d44": ["森林@#$%!~()<>?:\"{}+*_", "f", "偵探", 1], "f873ae91-4c2a-4fe0-a5d5-c4555525714a": ["好的", "m", "打工的同事", 0], "2fa45349-a749-4ccc-843a-bf690fa544ee": ["!@#$%^&*()_+}:Q\"WMDO", "m", "系上學弟", 0]}, "onoff_dict": {"e2abf309-688e-4fd3-b825-72fdb8a83d44": 1, "f873ae91-4c2a-4fe0-a5d5-c4555525714a": 1, "2fa45349-a749-4ccc-843a-bf690fa544ee": 1}, "answer": {"noplayer0": ["不勝酒力直接睡在酒吧", "有堆疊過的靠墊，可能有人喝醉後就直接在這睡著了。"], "noplayer1": ["與其他人發生爭執", "酒吧裡有打鬥的痕跡，看來有人在這邊發生過爭執。"], "e2abf309-688e-4fd3-b825-72fdb8a83d44": ["偵探本人", " "], "f873ae91-4c2a-4fe0-a5d5-c4555525714a": ["與偵探發生關係", " "], "2fa45349-a749-4ccc-843a-bf690fa544ee": ["吐了滿地", "酒吧外面有嘔吐物，如果不是我，就是有人酒量不好吐了滿地。"]}}}, {"model": "chat.room", "pk": 25, "fields": {"create_date": "2021-12-28T09:20:04.667Z", "city": null, "game": 2, "player_dict": {"e2abf309-688e-4fd3-b825-72fdb8a83d44": ["森林@#$%!~()<>?:\"{}+*_", "f", "偵探", 1], "2fa45349-a749-4ccc-843a-bf690fa544ee": ["!@#$%^&*()_+}:Q\"WMDO", "m", "系上學長", 0], "f873ae91-4c2a-4fe0-a5d5-c4555525714a": ["好的", "m", "系上學弟", 0]}, "onoff_dict": {"e2abf309-688e-4fd3-b825-72fdb8a83d44": 1, "2fa45349-a749-4ccc-843a-bf690fa544ee": 1, "f873ae91-4c2a-4fe0-a5d5-c4555525714a": 1}, "answer": {"noplayer0": ["打翻了桌上的食物", "地上有滿地食物，是不是有人不小心打翻了食物？"], "noplayer1": ["不勝酒力直接睡在酒吧", "有堆疊過的靠墊，可能有人喝醉後就直接在這睡著了。"], "e2abf309-688e-4fd3-b825-72fdb8a83d44": ["偵探本人", " "], "2fa45349-a749-4ccc-843a-bf690fa544ee": ["與偵探發生關係", " "], "f873ae91-4c2a-4fe0-a5d5-c4555525714a": ["與其他人發生爭執", "酒吧裡有打鬥的痕跡，看來有人在這邊發生過爭執。"]}}}, {"model": "chat.room", "pk": 26, "fields": {"create_date": "2021-12-28T09:23:18.694Z", "city": null, "game": 2, "player_dict": {"e2abf309-688e-4fd3-b825-72fdb8a83d44": ["森林@#$%!~()<>?:\"{}+*_", "f", "偵探", 1], "2fa45349-a749-4ccc-843a-bf690fa544ee": ["!@#$%^&*()_+}:Q\"WMDO", "m", "打工的同事", 0], "f873ae91-4c2a-4fe0-a5d5-c4555525714a": ["好的", "m", "校草", 0]}, "onoff_dict": {"e2abf309-688e-4fd3-b825-72fdb8a83d44": 1, "2fa45349-a749-4ccc-843a-bf690fa544ee": -1, "f873ae91-4c2a-4fe0-a5d5-c4555525714a": -1}, "answer": {"noplayer0": ["吐了滿地", "酒吧外面有嘔吐物，如果不是我，就是有人酒量不好吐了滿地。"], "noplayer1": ["與偵探的好姐妹待在廁所", "廁所內有用過的保險套，難怪好姐妹昨天在廁所待這麼久。"], "e2abf309-688e-4fd3-b825-72fdb8a83d44": ["偵探本人", " "], "2fa45349-a749-4ccc-843a-bf690fa544ee": ["與偵探發生關係", " "], "f873ae91-4c2a-4fe0-a5d5-c4555525714a": ["帶家裡的小狗來擋酒", "酒吧內有小狗的咬痕，看來有人帶狗狗來續攤了。"]}}}, {"model": "chat.room", "pk": 27, "fields": {"create_date": "2021-12-28T09:26:23.245Z", "city": null, "game": 2, "player_dict": {"e2abf309-688e-4fd3-b825-72fdb8a83d44": ["森林@#$%!~()<>?:\"{}+*_", "f", "偵探", 1], "2fa45349-a749-4ccc-843a-bf690fa544ee": ["!@#$%^&*()_+}:Q\"WMDO", "m", "系上學弟", 0], "f873ae91-4c2a-4fe0-a5d5-c4555525714a": ["好的", "m", "他系學伴", 0]}, "onoff_dict": {"e2abf309-688e-4fd3-b825-72fdb8a83d44": -1, "2fa45349-a749-4ccc-843a-bf690fa544ee": 1, "f873ae91-4c2a-4fe0-a5d5-c4555525714a": 1}, "answer": {"noplayer0": ["與其他人發生爭執", "酒吧裡有打鬥的痕跡，看來有人在這邊發生過爭執。"], "noplayer1": ["不勝酒力直接睡在酒吧", "有堆疊過的靠墊，可能有人喝醉後就直接在這睡著了。"], "e2abf309-688e-4fd3-b825-72fdb8a83d44": ["偵探本人", " "], "2fa45349-a749-4ccc-843a-bf690fa544ee": ["與偵探發生關係", " "], "f873ae91-4c2a-4fe0-a5d5-c4555525714a": ["打牌輸了一堆錢", "桌上有雜亂的僕克牌堆，有人昨天打了一晚上的牌。"]}}}, {"model": "chat.room", "pk": 28, "fields": {"create_date": "2021-12-28T09:32:29.987Z", "city": null, "game": 2, "player_dict": {"e2abf309-688e-4fd3-b825-72fdb8a83d44": ["森林@#$%!~()<>?:\"{}+*_", "f", "偵探", 1], "2fa45349-a749-4ccc-843a-bf690fa544ee": ["!@#$%^&*()_+}:Q\"WMDO", "m", "校草", 0], "f873ae91-4c2a-4fe0-a5d5-c4555525714a": ["好的", "m", "打工的同事", 0]}, "onoff_dict": {"e2abf309-688e-4fd3-b825-72fdb8a83d44": -1, "2fa45349-a749-4ccc-843a-bf690fa544ee": -1, "f873ae91-4c2a-4fe0-a5d5-c4555525714a": -1}, "answer": {"noplayer0": ["帶家裡的小狗來擋酒", "酒吧內有小狗的咬痕，看來有人帶狗狗來續攤了。"], "noplayer1": ["打牌輸了一堆錢", "桌上有雜亂的僕克牌堆，有人昨天打了一晚上的牌。"], "e2abf309-688e-4fd3-b825-72fdb8a83d44": ["偵探本人", " "], "2fa45349-a749-4ccc-843a-bf690fa544ee": ["不勝酒力直接睡在酒吧", "有堆疊過的靠墊，可能有人喝醉後就直接在這睡著了。"], "f873ae91-4c2a-4fe0-a5d5-c4555525714a": ["與偵探發生關係", " "]}}}, {"model": "chat.room", "pk": 29, "fields": {"create_date": "2021-12-28T15:07:56.930Z", "city": null, "game": 2, "player_dict": {"e2abf309-688e-4fd3-b825-72fdb8a83d44": ["森林@#$%!~()<>?:\"{}+*_", "f", "偵探", 1], "2fa45349-a749-4ccc-843a-bf690fa544ee": ["!@#$%^&*()_+}:Q\"WMDO", "m", "校草", 0], "f873ae91-4c2a-4fe0-a5d5-c4555525714a": ["好的", "m", "他系學伴", 0]}, "onoff_dict": {"e2abf309-688e-4fd3-b825-72fdb8a83d44": 0, "2fa45349-a749-4ccc-843a-bf690fa544ee": 0, "f873ae91-4c2a-4fe0-a5d5-c4555525714a": 1}, "answer": {"noplayer0": ["與其他人發生爭執", "酒吧裡有打鬥的痕跡，看來有人在這邊發生過爭執。"], "noplayer1": ["帶家裡的小狗來擋酒", "酒吧內有小狗的咬痕，看來有人帶狗狗來續攤了。"], "e2abf309-688e-4fd3-b825-72fdb8a83d44": ["偵探本人", " "], "2fa45349-a749-4ccc-843a-bf690fa544ee": ["與偵探的好姐妹待在廁所", "廁所內有用過的保險套，難怪好姐妹昨天在廁所待這麼久。"], "f873ae91-4c2a-4fe0-a5d5-c4555525714a": ["與偵探發生關係", " "]}}}, {"model": "chat.match", "pk": 1, "fields": {"room": 24, "player_list": ["f873ae91-4c2a-4fe0-a5d5-c4555525714a", "e2abf309-688e-4fd3-b825-72fdb8a83d44"]}}, {"model": "chat.match", "pk": 2, "fields": {"room": 29, "player_list": []}}, {"model": "chat.match", "pk": 3, "fields": {"room": 29, "player_list": ["2fa45349-a749-4ccc-843a-bf690fa544ee", "e2abf309-688e-4fd3-b825-72fdb8a83d44"]}}, {"model": "chat.match", "pk": 4, "fields": {"room": 29, "player_list": ["2fa45349-a749-4ccc-843a-bf690fa544ee", "e2abf309-688e-4fd3-b825-72fdb8a83d44"]}}, {"model": "chat.match", "pk": 13, "fields": {"room": 29, "player_list": ["2fa45349-a749-4ccc-843a-bf690fa544ee", "e2abf309-688e-4fd3-b825-72fdb8a83d44"]}}, {"model": "chat.match", "pk": 14, "fields": {"room": 29, "player_list": ["2fa45349-a749-4ccc-843a-bf690fa544ee", "e2abf309-688e-4fd3-b825-72fdb8a83d44"]}}, {"model": "chat.match", "pk": 16, "fields": {"room": 29, "player_list": ["2fa45349-a749-4ccc-843a-bf690fa544ee"]}}, {"model": "chat.match", "pk": 17, "fields": {"room": 29, "player_list": ["2fa45349-a749-4ccc-843a-bf690fa544ee"]}}, {"model": "chat.match", "pk": 18, "fields": {"room": 29, "player_list": ["2fa45349-a749-4ccc-843a-bf690fa544ee"]}}, {"model": "chat.match", "pk": 19, "fields": {"room": 29, "player_list": ["2fa45349-a749-4ccc-843a-bf690fa544ee"]}}, {"model": "chat.match", "pk": 20, "fields": {"room": 29, "player_list": ["2fa45349-a749-4ccc-843a-bf690fa544ee"]}}, {"model": "chat.match", "pk": 21, "fields": {"room": 29, "player_list": ["2fa45349-a749-4ccc-843a-bf690fa544ee", "e2abf309-688e-4fd3-b825-72fdb8a83d44"]}}, {"model": "chat.match", "pk": 22, "fields": {"room": 29, "player_list": ["2fa45349-a749-4ccc-843a-bf690fa544ee"]}}, {"model": "chat.player", "pk": "2fa45349-a749-4ccc-843a-bf690fa544ee", "fields": {"create_date": "2021-12-02T10:02:31Z", "name": "!@#$%^&*()_+}:Q\"WMDO", "imgUrl_adult": null, "status": 2, "isBanned": false, "city": null, "room": 29, "match": null, "user": 29, "gender": "m", "isAdult": true, "isHetero": true, "game": "graduate_girl", "waiting_time": "2022-01-01T11:36:24Z", "isPrepared": false, "isOn": false, "tag_int": 0, "tag_json": {}}}, {"model": "chat.player", "pk": "e2abf309-688e-4fd3-b825-72fdb8a83d44", "fields": {"create_date": "2021-12-02T07:29:08Z", "name": "森林@#$%!~()<>?:\"{}+*_", "imgUrl_adult": null, "status": 2, "isBanned": false, "city": null, "room": 29, "match": null, "user": 26, "gender": "f", "isAdult": true, "isHetero": true, "game": "graduate_girl", "waiting_time": null, "isPrepared": false, "isOn": false, "tag_int": -1, "tag_json": {"e2abf309-688e-4fd3-b825-72fdb8a83d44": 0, "2fa45349-a749-4ccc-843a-bf690fa544ee": 1, "f873ae91-4c2a-4fe0-a5d5-c4555525714a": 0, "message": []}}}, {"model": "chat.player", "pk": "f873ae91-4c2a-4fe0-a5d5-c4555525714a", "fields": {"create_date": "2021-12-02T09:30:56Z", "name": "好的", "imgUrl_adult": null, "status": 2, "isBanned": false, "city": null, "room": 29, "match": 1, "user": 28, "gender": "m", "isAdult": true, "isHetero": true, "game": "graduate_girl", "waiting_time": null, "isPrepared": false, "isOn": true, "tag_int": 0, "tag_json": {}}}, {"model": "chat.game", "pk": 1, "fields": {"name": "TEST畢業舞會後的畢業女孩", "game_id": "test_graduate_girl", "isAdult": true, "isHetero": true, "best_ratio": [2, 1], "threshold_ratio": [1, 1], "story": null}}, {"model": "chat.game", "pk": 2, "fields": {"name": "畢業後的第一夜", "game_id": "graduate_girl", "isAdult": true, "isHetero": true, "best_ratio": [2, 1], "threshold_ratio": [1, 1], "story": [["以下劇本是由<span class='a-point'>偵探</span>的視角進行", 0, "s"], ["", 0, "w"], ["===大學畢業晚會===", 0, "s"], ["(今天是我們最後一天待在學校了 突然有點感傷...)", 0, "m"], ["(突然有人叫住我...)", 0, "m"], ["<span class='a-point'>好姐妹</span>：誒！過了今天我們就不再是大學生了耶！ 要不要來做一些特別的事～", 0, "a"], ["說什麼呀 妳是喝醉了哦？", 0, "m"], ["<span class='a-point'>好姐妹</span>：哈哈 等等要不要跟他們去續攤呀？", 0, "a"], ["他們...？", 0, "m"], ["<span class='a-point'>好姐妹</span>：你傻呀！就是剛剛那群人呀！ 我看妳剛剛也玩得很開心呀", 0, "a"], ["哪有！ 那他們要去哪續攤？", 0, "m"], ["<span class='a-point'>好姐妹</span>：妳看妳明明就很有興趣！ 我去問一下好了，我猜應該是學校旁邊的酒吧！ 妳真的要去齁？", 0, "a"], ["應該可吧！ 但我不能玩太晚哦", 0, "m"], ["好姐妹：知道啦，我們走吧！", 0, "a"], ["", 0, "w"], ["", 0, "w"], ["。", 0, "m"], ["。。", 0, "m"], ["。。。", 0, "m"], ["====隔天早上====", 0, "s"], ["(我在宿舍醒來...)", 0, "m"], ["我怎麼......", 0, "m"], ["<span class='a-point'>好姐妹</span>：誒 妳昨天很誇張耶！ 真看不出來妳比我還會玩～ 哈哈", 0, "a"], ["我...？", 0, "m"], ["<span class='a-point'>好姐妹</span>：對呀 還被帥哥帶出場～", 0, "a"], ["怎麼可能！？", 0, "m"], ["<span class='a-point'>好姐妹</span>：真的呀！ 連我也嚇了一跳 認識妳四年 都沒看過妳這麼主動哈哈哈", 0, "a"], ["為什麼我完全沒印象......", 0, "m"], ["<span class='a-point'>好姐妹</span>：哈哈哈我也沒仔細看！ 喝到最後很多人都茫了～", 0, "a"], ["(這個男生是誰呀？ 完全記不起來...... 總之先回去那間酒吧看看吧)", 0, "m"], ["", 0, "w"]]}}, {"model": "chat.gamerole", "pk": 1, "fields": {"name": "偵探", "gender": "f", "game": 2, "group": 1}}, {"model": "chat.gamerole", "pk": 2, "fields": {"name": "打工的同事", "gender": "m", "game": 2, "group": 0}}, {"model": "chat.gamerole", "pk": 3, "fields": {"name": "系上學長", "gender": "m", "game": 2, "group": 0}}, {"model": "chat.gamerole", "pk": 4, "fields": {"name": "系上學弟", "gender": "m", "game": 2, "group": 0}}, {"model": "chat.gamerole", "pk": 5, "fields": {"name": "他系學伴", "gender": "m", "game": 2, "group": 0}}, {"model": "chat.gamerole", "pk": 6, "fields": {"name": "通識課同學", "gender": "m", "game": 2, "group": 0}}, {"model": "chat.gamerole", "pk": 7, "fields": {"name": "校草", "gender": "m", "game": 2, "group": 0}}, {"model": "chat.gameevent", "pk": 1, "fields": {"name": "與偵探發生關係", "content": " ", "game": 2, "group": 0}}, {"model": "chat.gameevent", "pk": 2, "fields": {"name": "吐了滿地", "content": "酒吧外面有嘔吐物，如果不是我，就是有人酒量不好吐了滿地。", "game": 2, "group": 0}}, {"model": "chat.gameevent", "pk": 3, "fields": {"name": "與其他人發生爭執", "content": "酒吧裡有打鬥的痕跡，看來有人在這邊發生過爭執。", "game": 2, "group": 0}}, {"model": "chat.gameevent", "pk": 4, "fields": {"name": "不勝酒力直接睡在酒吧", "content": "有堆疊過的靠墊，可能有人喝醉後就直接在這睡著了。", "game": 2, "group": 0}}, {"model": "chat.gameevent", "pk": 5, "fields": {"name": "打翻了桌上的食物", "content": "地上有滿地食物，是不是有人不小心打翻了食物？", "game": 2, "group": 0}}, {"model": "chat.gameevent", "pk": 6, "fields": {"name": "打牌輸了一堆錢", "content": "桌上有雜亂的僕克牌堆，有人昨天打了一晚上的牌。", "game": 2, "group": 0}}, {"model": "chat.gameevent", "pk": 7, "fields": {"name": "帶家裡的小狗來擋酒", "content": "酒吧內有小狗的咬痕，看來有人帶狗狗來續攤了。", "game": 2, "group": 0}}, {"model": "chat.gameevent", "pk": 8, "fields": {"name": "與偵探的好姐妹待在廁所", "content": "廁所內有用過的保險套，難怪好姐妹昨天在廁所待這麼久。", "game": 2, "group": 0}}, {"model": "chat.gameevent", "pk": 9, "fields": {"name": "偵探本人", "content": " ", "game": 2, "group": 1}}, {"model": "chat.dialogue", "pk": 7, "fields": {"dialog": ["我的朋友 現在上線也太早了吧！", 0], "game": null, "action": "GREET", "sub": "t05-08", "number": 1}}, {"model": "chat.dialogue", "pk": 8, "fields": {"dialog": ["歡迎所有早上蹺課蹺班的朋友～", 0], "game": null, "action": "GREET", "sub": "t08-12", "number": 1}}, {"model": "chat.dialogue", "pk": 9, "fields": {"dialog": ["下午這段時間很悠閒吧！", 0], "game": null, "action": "GREET", "sub": "t12-17", "number": 1}}, {"model": "chat.dialogue", "pk": 10, "fields": {"dialog": ["現在是晚餐時間呢！", 0], "game": null, "action": "GREET", "sub": "t17-19", "number": 1}}, {"model": "chat.dialogue", "pk": 11, "fields": {"dialog": ["晚上好！", 0], "game": null, "action": "GREET", "sub": "t19-22", "number": 1}}, {"model": "chat.dialogue", "pk": 12, "fields": {"dialog": ["深夜聊天時間～", 0], "game": null, "action": "GREET", "sub": "t22-03", "number": 1}}, {"model": "chat.dialogue", "pk": 13, "fields": {"dialog": ["你在一個很奇怪的時間點上線呢！", 0], "game": null, "action": "GREET", "sub": "t03-05", "number": 1}}, {"model": "chat.dialogue", "pk": 14, "fields": {"dialog": ["{}是現在最多人前往的學校", 0], "game": null, "action": "GREET", "sub": "sch", "number": 1}}, {"model": "chat.dialogue", "pk": 15, "fields": {"dialog": ["推薦你去{}！ 目前做多人使用", 0], "game": null, "action": "GREET", "sub": "sch", "number": 2}}, {"model": "chat.dialogue", "pk": 16, "fields": {"dialog": ["如果我是你，我就去{}！ 人多機會多", 0], "game": null, "action": "GREET", "sub": "sch", "number": 3}}, {"model": "chat.city", "pk": 1, "fields": {"name": "null", "roomNum": 0, "femaleNumForMale": 0, "maleNumForFemale": 0, "femaleNumForFemale": 0, "maleNumForMale": 0}}, {"model": "chat.city", "pk": 2, "fields": {"name": "Matsu", "roomNum": 0, "femaleNumForMale": 0, "maleNumForFemale": 0, "femaleNumForFemale": 0, "maleNumForMale": 0}}, {"model": "chat.city", "pk": 3, "fields": {"name": "Kinmen", "roomNum": 0, "femaleNumForMale": 0, "maleNumForFemale": 0, "femaleNumForFemale": 0, "maleNumForMale": 0}}, {"model": "chat.city", "pk": 4, "fields": {"name": "Taipei", "roomNum": 0, "femaleNumForMale": 0, "maleNumForFemale": 0, "femaleNumForFemale": 0, "maleNumForMale": 0}}, {"model": "chat.city", "pk": 5, "fields": {"name": "New_Taipei", "roomNum": 0, "femaleNumForMale": 0, "maleNumForFemale": 0, "femaleNumForFemale": 0, "maleNumForMale": 0}}, {"model": "chat.city", "pk": 6, "fields": {"name": "Keelung", "roomNum": 0, "femaleNumForMale": 0, "maleNumForFemale": 0, "femaleNumForFemale": 0, "maleNumForMale": 0}}, {"model": "chat.city", "pk": 7, "fields": {"name": "Taoyuan", "roomNum": 0, "femaleNumForMale": 0, "maleNumForFemale": 0, "femaleNumForFemale": 0, "maleNumForMale": 0}}, {"model": "chat.city", "pk": 8, "fields": {"name": "Taichung", "roomNum": 0, "femaleNumForMale": 0, "maleNumForFemale": 0, "femaleNumForFemale": 0, "maleNumForMale": 0}}, {"model": "chat.city", "pk": 9, "fields": {"name": "Tainan", "roomNum": 0, "femaleNumForMale": 0, "maleNumForFemale": 0, "femaleNumForFemale": 0, "maleNumForMale": 0}}, {"model": "chat.city", "pk": 10, "fields": {"name": "Kaohsiung", "roomNum": 0, "femaleNumForMale": 0, "maleNumForFemale": 0, "femaleNumForFemale": 0, "maleNumForMale": 0}}, {"model": "chat.city", "pk": 11, "fields": {"name": "Hsinchu", "roomNum": 0, "femaleNumForMale": 0, "maleNumForFemale": 0, "femaleNumForFemale": 0, "maleNumForMale": 0}}, {"model": "chat.city", "pk": 12, "fields": {"name": "Miaoli", "roomNum": 0, "femaleNumForMale": 0, "maleNumForFemale": 0, "femaleNumForFemale": 0, "maleNumForMale": 0}}, {"model": "chat.city", "pk": 13, "fields": {"name": "Nantou", "roomNum": 0, "femaleNumForMale": 0, "maleNumForFemale": 0, "femaleNumForFemale": 0, "maleNumForMale": 0}}, {"model": "chat.city", "pk": 14, "fields": {"name": "Changhua", "roomNum": 0, "femaleNumForMale": 0, "maleNumForFemale": 0, "femaleNumForFemale": 0, "maleNumForMale": 0}}, {"model": "chat.city", "pk": 15, "fields": {"name": "Yunlin", "roomNum": 0, "femaleNumForMale": 0, "maleNumForFemale": 0, "femaleNumForFemale": 0, "maleNumForMale": 0}}, {"model": "chat.city", "pk": 16, "fields": {"name": "Hualien", "roomNum": 0, "femaleNumForMale": 0, "maleNumForFemale": 0, "femaleNumForFemale": 0, "maleNumForMale": 0}}, {"model": "chat.city", "pk": 17, "fields": {"name": "Taitung", "roomNum": 0, "femaleNumForMale": 0, "maleNumForFemale": 0, "femaleNumForFemale": 0, "maleNumForMale": 0}}, {"model": "chat.city", "pk": 18, "fields": {"name": "Penghu", "roomNum": 0, "femaleNumForMale": 0, "maleNumForFemale": 0, "femaleNumForFemale": 0, "maleNumForMale": 0}}, {"model": "chat.city", "pk": 19, "fields": {"name": "Green_Island", "roomNum": 0, "femaleNumForMale": 0, "maleNumForFemale": 0, "femaleNumForFemale": 0, "maleNumForMale": 0}}, {"model": "chat.city", "pk": 20, "fields": {"name": "Orchid_Island", "roomNum": 0, "femaleNumForMale": 0, "maleNumForFemale": 0, "femaleNumForFemale": 0, "maleNumForMale": 0}}, {"model": "chat.city", "pk": 21, "fields": {"name": "Pingtung", "roomNum": 0, "femaleNumForMale": 0, "maleNumForFemale": 0, "femaleNumForFemale": 0, "maleNumForMale": 0}}, {"model": "chat.city", "pk": 22, "fields": {"name": "Chiayi", "roomNum": 0, "femaleNumForMale": 0, "maleNumForFemale": 0, "femaleNumForFemale": 0, "maleNumForMale": 0}}, {"model": "chat.city", "pk": 23, "fields": {"name": "Yilan", "roomNum": 0, "femaleNumForMale": 0, "maleNumForFemale": 0, "femaleNumForFemale": 0, "maleNumForMale": 0}}, {"model": "chat.photo", "pk": 1, "fields": {"image": "photo/IMG_2146.jpg", "uploader": "802bd4a977594bf2b079c8e4423819a3", "isForAdult": false, "upload_date": "2021-09-23T14:38:38.328Z"}}, {"model": "chat.photo", "pk": 2, "fields": {"image": "photo/IMG_2146_zzahHMZ.jpg", "uploader": "802bd4a977594bf2b079c8e4423819a3", "isForAdult": false, "upload_date": "2021-09-23T15:03:41.546Z"}}, {"model": "chat.photo", "pk": 3, "fields": {"image": "photo/IMG_2146_ynd3wNH.jpg", "uploader": "802bd4a977594bf2b079c8e4423819a3", "isForAdult": false, "upload_date": "2021-09-23T15:11:55.582Z"}}, {"model": "chat.photo", "pk": 4, "fields": {"image": "photo/IMG_2146_wZpdaVK.jpg", "uploader": "802bd4a977594bf2b079c8e4423819a3", "isForAdult": false, "upload_date": "2021-09-23T15:12:23.683Z"}}, {"model": "chat.photo", "pk": 5, "fields": {"image": "photo/IMG_2146_658i5rk.jpg", "uploader": "802bd4a977594bf2b079c8e4423819a3", "isForAdult": false, "upload_date": "2021-09-23T15:13:11.517Z"}}, {"model": "chat.photo", "pk": 6, "fields": {"image": "photo/802bd4a9-7759-4bf2-b079-c8e4423819a30923151457.jpg", "uploader": "802bd4a977594bf2b079c8e4423819a3", "isForAdult": false, "upload_date": "2021-09-23T15:14:57.040Z"}}, {"model": "chat.photo", "pk": 7, "fields": {"image": "photo/802bd4a9-7759-4bf2-b079-c8e4423819a30923151721.jpg", "uploader": "802bd4a977594bf2b079c8e4423819a3", "isForAdult": false, "upload_date": "2021-09-23T15:17:21.441Z"}}, {"model": "chat.photo", "pk": 8, "fields": {"image": "photo/802bd4a9-7759-4bf2-b079-c8e4423819a30923152355.jpg", "uploader": "802bd4a977594bf2b079c8e4423819a3", "isForAdult": false, "upload_date": "2021-09-23T15:23:55.521Z"}}, {"model": "chat.photo", "pk": 9, "fields": {"image": "photo/0f945b4d1013173259681312.jpg", "uploader": "0f945b4d", "isForAdult": false, "upload_date": "2021-10-13T17:32:59.681Z"}}, {"model": "chat.photo", "pk": 10, "fields": {"image": "photo/0f945b4d1013175711381371.jpg", "uploader": "0f945b4d", "isForAdult": false, "upload_date": "2021-10-13T17:57:11.381Z"}}, {"model": "chat.photo", "pk": 11, "fields": {"image": "photo/0f945b4d1013180144270194.jpg", "uploader": "0f945b4d", "isForAdult": false, "upload_date": "2021-10-13T18:01:44.270Z"}}, {"model": "chat.photo", "pk": 12, "fields": {"image": "photo/0f945b4d1013180206284787.jpg", "uploader": "0f945b4d", "isForAdult": false, "upload_date": "2021-10-13T18:02:06.284Z"}}, {"model": "chat.photo", "pk": 13, "fields": {"image": "photo/0f945b4d1013225913496709.jpg", "uploader": "0f945b4d", "isForAdult": false, "upload_date": "2021-10-13T22:59:13.496Z"}}, {"model": "chat.photo", "pk": 14, "fields": {"image": "photo/0f945b4d1013230036249187.jpg", "uploader": "0f945b4d", "isForAdult": false, "upload_date": "2021-10-13T23:00:36.249Z"}}, {"model": "chat.photo", "pk": 15, "fields": {"image": "photo/918052d81013231642325967.jpg", "uploader": "918052d8", "isForAdult": false, "upload_date": "2021-10-13T23:16:42.325Z"}}, {"model": "chat.photo", "pk": 16, "fields": {"image": "photo/0f945b4d1013231706079143.jpg", "uploader": "0f945b4d", "isForAdult": false, "upload_date": "2021-10-13T23:17:06.079Z"}}, {"model": "chat.photo", "pk": 17, "fields": {"image": "photo/0f945b4d1013232009054650.jpg", "uploader": "0f945b4d", "isForAdult": false, "upload_date": "2021-10-13T23:20:09.054Z"}}, {"model": "chat.photo", "pk": 18, "fields": {"image": "photo/0f945b4d1013232816303361.jpg", "uploader": "0f945b4d", "isForAdult": false, "upload_date": "2021-10-13T23:28:16.303Z"}}, {"model": "chat.photo", "pk": 19, "fields": {"image": "photo/0f945b4d1013232932464031.jpg", "uploader": "0f945b4d", "isForAdult": false, "upload_date": "2021-10-13T23:29:32.464Z"}}, {"model": "chat.photo", "pk": 20, "fields": {"image": "photo/0f945b4d1013233130673172.jpg", "uploader": "0f945b4d", "isForAdult": false, "upload_date": "2021-10-13T23:31:30.673Z"}}, {"model": "chat.photo", "pk": 21, "fields": {"image": "photo/918052d81013233145442884.jpg", "uploader": "918052d8", "isForAdult": false, "upload_date": "2021-10-13T23:31:45.442Z"}}, {"model": "chat.photo", "pk": 22, "fields": {"image": "photo/918052d81013233204602207.jpg", "uploader": "918052d8", "isForAdult": false, "upload_date": "2021-10-13T23:32:04.602Z"}}, {"model": "chat.photo", "pk": 23, "fields": {"image": "photo/0f945b4d1016035702554714.jpeg", "uploader": "0f945b4d", "isForAdult": false, "upload_date": "2021-10-16T03:57:02.554Z"}}, {"model": "chat.photo", "pk": 24, "fields": {"image": "photo/1afdcfae1103163156795398.jpeg", "uploader": "1afdcfae", "isForAdult": false, "upload_date": "2021-11-03T16:31:56.795Z"}}, {"model": "chat.photo", "pk": 25, "fields": {"image": "photo/1afdcfae1103164523021525.jpeg", "uploader": "1afdcfae", "isForAdult": false, "upload_date": "2021-11-03T16:45:23.021Z"}}]