[{"model": "admin.logentry", "pk": 1, "fields": {"action_time": "2021-12-10T13:50:32.769Z", "user": 30, "content_type": 14, "object_id": "2", "object_repr": "graduate_girl", "action_flag": 3, "change_message": ""}}, {"model": "admin.logentry", "pk": 2, "fields": {"action_time": "2021-12-10T13:50:32.776Z", "user": 30, "content_type": 14, "object_id": "1", "object_repr": "test_graduate_girl", "action_flag": 3, "change_message": ""}}, {"model": "admin.logentry", "pk": 3, "fields": {"action_time": "2021-12-12T16:42:36.795Z", "user": 30, "content_type": 8, "object_id": "7", "object_repr": "room-7", "action_flag": 3, "change_message": ""}}, {"model": "admin.logentry", "pk": 4, "fields": {"action_time": "2021-12-12T16:42:36.798Z", "user": 30, "content_type": 8, "object_id": "6", "object_repr": "room-6", "action_flag": 3, "change_message": ""}}, {"model": "admin.logentry", "pk": 5, "fields": {"action_time": "2021-12-12T16:42:36.800Z", "user": 30, "content_type": 8, "object_id": "5", "object_repr": "room-5", "action_flag": 3, "change_message": ""}}, {"model": "admin.logentry", "pk": 6, "fields": {"action_time": "2021-12-12T16:42:36.801Z", "user": 30, "content_type": 8, "object_id": "4", "object_repr": "room-4", "action_flag": 3, "change_message": ""}}, {"model": "admin.logentry", "pk": 7, "fields": {"action_time": "2021-12-12T16:42:36.803Z", "user": 30, "content_type": 8, "object_id": "3", "object_repr": "room-3", "action_flag": 3, "change_message": ""}}, {"model": "admin.logentry", "pk": 8, "fields": {"action_time": "2022-01-12T09:54:58.954Z", "user": 30, "content_type": 9, "object_id": "f873ae91-4c2a-4fe0-a5d5-c4555525714a", "object_repr": "好的 (f873ae91-4c2a-4fe0-a5d5-c4555525714a)", "action_flag": 2, "change_message": "[{\"changed\": {\"fields\": [\"School\", \"Game\"]}}]"}}, {"model": "admin.logentry", "pk": 9, "fields": {"action_time": "2022-01-12T10:17:57.366Z", "user": 30, "content_type": 9, "object_id": "e2abf309-688e-4fd3-b825-72fdb8a83d44", "object_repr": "森林@#$%!~()<>?:\"{}+*_ (e2abf309-688e-4fd3-b825-72fdb8a83d44)", "action_flag": 2, "change_message": "[{\"changed\": {\"fields\": [\"Game\"]}}]"}}, {"model": "admin.logentry", "pk": 10, "fields": {"action_time": "2022-01-12T10:18:04.551Z", "user": 30, "content_type": 9, "object_id": "2fa45349-a749-4ccc-843a-bf690fa544ee", "object_repr": "!@#$%^&*()_+}:Q\"WMDO (2fa45349-a749-4ccc-843a-bf690fa544ee)", "action_flag": 2, "change_message": "[{\"changed\": {\"fields\": [\"Game\"]}}]"}}, {"model": "admin.logentry", "pk": 11, "fields": {"action_time": "2022-02-07T11:59:49.448Z", "user": 30, "content_type": 9, "object_id": "f873ae91-4c2a-4fe0-a5d5-c4555525714a", "object_repr": "好的呀 (f873ae91-4c2a-4fe0-a5d5-c4555525714a)", "action_flag": 2, "change_message": "[{\"changed\": {\"fields\": [\"Name\"]}}]"}}, {"model": "admin.logentry", "pk": 12, "fields": {"action_time": "2022-02-08T15:51:52.589Z", "user": 30, "content_type": 16, "object_id": "8", "object_repr": "與偵探的好姐妹待在廁所", "action_flag": 2, "change_message": "[{\"changed\": {\"fields\": [\"Content\"]}}]"}}, {"model": "admin.logentry", "pk": 13, "fields": {"action_time": "2022-02-08T15:51:59.101Z", "user": 30, "content_type": 16, "object_id": "7", "object_repr": "帶家裡的小狗來擋酒", "action_flag": 2, "change_message": "[{\"changed\": {\"fields\": [\"Content\"]}}]"}}, {"model": "admin.logentry", "pk": 14, "fields": {"action_time": "2022-02-08T15:52:03.912Z", "user": 30, "content_type": 16, "object_id": "6", "object_repr": "打牌輸了一堆錢", "action_flag": 2, "change_message": "[{\"changed\": {\"fields\": [\"Content\"]}}]"}}, {"model": "admin.logentry", "pk": 15, "fields": {"action_time": "2022-02-08T15:52:07.900Z", "user": 30, "content_type": 16, "object_id": "5", "object_repr": "打翻了桌上的食物", "action_flag": 2, "change_message": "[{\"changed\": {\"fields\": [\"Content\"]}}]"}}, {"model": "admin.logentry", "pk": 16, "fields": {"action_time": "2022-02-08T15:52:11.410Z", "user": 30, "content_type": 16, "object_id": "4", "object_repr": "不勝酒力直接睡在酒吧", "action_flag": 2, "change_message": "[{\"changed\": {\"fields\": [\"Content\"]}}]"}}, {"model": "admin.logentry", "pk": 17, "fields": {"action_time": "2022-02-08T15:52:15.650Z", "user": 30, "content_type": 16, "object_id": "3", "object_repr": "與其他人發生爭執", "action_flag": 2, "change_message": "[{\"changed\": {\"fields\": [\"Content\"]}}]"}}, {"model": "admin.logentry", "pk": 18, "fields": {"action_time": "2022-02-08T15:52:19.540Z", "user": 30, "content_type": 16, "object_id": "2", "object_repr": "吐了滿地", "action_flag": 2, "change_message": "[{\"changed\": {\"fields\": [\"Content\"]}}]"}}, {"model": "admin.logentry", "pk": 19, "fields": {"action_time": "2022-02-08T15:56:46.481Z", "user": 30, "content_type": 16, "object_id": "9", "object_repr": "偵探本人", "action_flag": 2, "change_message": "[{\"changed\": {\"fields\": [\"Content\"]}}]"}}, {"model": "admin.logentry", "pk": 20, "fields": {"action_time": "2022-02-08T15:56:51.202Z", "user": 30, "content_type": 16, "object_id": "1", "object_repr": "與偵探發生關係", "action_flag": 2, "change_message": "[{\"changed\": {\"fields\": [\"Content\"]}}]"}}, {"model": "admin.logentry", "pk": 21, "fields": {"action_time": "2022-02-08T15:56:56.628Z", "user": 30, "content_type": 16, "object_id": "8", "object_repr": "與偵探的好姐妹待在廁所", "action_flag": 2, "change_message": "[{\"changed\": {\"fields\": [\"Content\"]}}]"}}, {"model": "admin.logentry", "pk": 22, "fields": {"action_time": "2022-02-08T15:57:00.660Z", "user": 30, "content_type": 16, "object_id": "7", "object_repr": "帶家裡的小狗來擋酒", "action_flag": 2, "change_message": "[{\"changed\": {\"fields\": [\"Content\"]}}]"}}, {"model": "admin.logentry", "pk": 23, "fields": {"action_time": "2022-02-08T15:57:03.893Z", "user": 30, "content_type": 16, "object_id": "6", "object_repr": "打牌輸了一堆錢", "action_flag": 2, "change_message": "[{\"changed\": {\"fields\": [\"Content\"]}}]"}}, {"model": "admin.logentry", "pk": 24, "fields": {"action_time": "2022-02-08T15:57:08.569Z", "user": 30, "content_type": 16, "object_id": "5", "object_repr": "打翻了桌上的食物", "action_flag": 2, "change_message": "[{\"changed\": {\"fields\": [\"Content\"]}}]"}}, {"model": "admin.logentry", "pk": 25, "fields": {"action_time": "2022-02-08T15:57:12.723Z", "user": 30, "content_type": 16, "object_id": "4", "object_repr": "不勝酒力直接睡在酒吧", "action_flag": 2, "change_message": "[{\"changed\": {\"fields\": [\"Content\"]}}]"}}, {"model": "admin.logentry", "pk": 26, "fields": {"action_time": "2022-02-08T15:57:16.905Z", "user": 30, "content_type": 16, "object_id": "3", "object_repr": "與其他人發生爭執", "action_flag": 2, "change_message": "[{\"changed\": {\"fields\": [\"Content\"]}}]"}}, {"model": "admin.logentry", "pk": 27, "fields": {"action_time": "2022-02-08T15:57:20.788Z", "user": 30, "content_type": 16, "object_id": "2", "object_repr": "吐了滿地", "action_flag": 2, "change_message": "[{\"changed\": {\"fields\": [\"Content\"]}}]"}}, {"model": "admin.logentry", "pk": 28, "fields": {"action_time": "2022-02-08T16:20:22.761Z", "user": 30, "content_type": 16, "object_id": "8", "object_repr": "吐在偵探的衣服上", "action_flag": 2, "change_message": "[{\"changed\": {\"fields\": [\"Name\", \"Content\"]}}]"}}, {"model": "admin.logentry", "pk": 29, "fields": {"action_time": "2022-02-08T16:30:15.811Z", "user": 30, "content_type": 16, "object_id": "7", "object_repr": "與偵探喝了一杯酒", "action_flag": 2, "change_message": "[{\"changed\": {\"fields\": [\"Name\", \"Content\"]}}]"}}, {"model": "admin.logentry", "pk": 30, "fields": {"action_time": "2022-02-08T16:30:42.434Z", "user": 30, "content_type": 16, "object_id": "6", "object_repr": "靠在偵探的肩膀上睡著了", "action_flag": 2, "change_message": "[{\"changed\": {\"fields\": [\"Name\", \"Content\"]}}]"}}, {"model": "admin.logentry", "pk": 31, "fields": {"action_time": "2022-02-08T16:30:58.655Z", "user": 30, "content_type": 16, "object_id": "5", "object_repr": "被偵探打翻了餐點", "action_flag": 2, "change_message": "[{\"changed\": {\"fields\": [\"Name\", \"Content\"]}}]"}}, {"model": "admin.logentry", "pk": 32, "fields": {"action_time": "2022-02-08T16:31:14.659Z", "user": 30, "content_type": 16, "object_id": "4", "object_repr": "打牌輸給了偵探", "action_flag": 2, "change_message": "[{\"changed\": {\"fields\": [\"Name\", \"Content\"]}}]"}}, {"model": "admin.logentry", "pk": 33, "fields": {"action_time": "2022-02-08T16:31:32.920Z", "user": 30, "content_type": 16, "object_id": "3", "object_repr": "向偵探搭訕要聯絡方式", "action_flag": 2, "change_message": "[{\"changed\": {\"fields\": [\"Name\", \"Content\"]}}]"}}, {"model": "admin.logentry", "pk": 34, "fields": {"action_time": "2022-02-08T16:31:51.273Z", "user": 30, "content_type": 16, "object_id": "2", "object_repr": "與偵探的好姐妹一起出去", "action_flag": 2, "change_message": "[{\"changed\": {\"fields\": [\"Name\", \"Content\"]}}]"}}, {"model": "admin.logentry", "pk": 35, "fields": {"action_time": "2022-02-08T16:32:31.888Z", "user": 30, "content_type": 16, "object_id": "10", "object_repr": "幫偵探找不見的手機", "action_flag": 1, "change_message": "[{\"added\": {}}]"}}, {"model": "admin.logentry", "pk": 36, "fields": {"action_time": "2022-02-08T16:32:58.548Z", "user": 30, "content_type": 16, "object_id": "11", "object_repr": "與偵探玩大冒險", "action_flag": 1, "change_message": "[{\"added\": {}}]"}}, {"model": "admin.logentry", "pk": 37, "fields": {"action_time": "2022-02-08T16:33:08.954Z", "user": 30, "content_type": 16, "object_id": "11", "object_repr": "與偵探玩大冒險", "action_flag": 2, "change_message": "[{\"changed\": {\"fields\": [\"Game\"]}}]"}}, {"model": "admin.logentry", "pk": 38, "fields": {"action_time": "2022-02-08T16:33:30.262Z", "user": 30, "content_type": 16, "object_id": "12", "object_repr": "與偵探一起玩飛鏢", "action_flag": 1, "change_message": "[{\"added\": {}}]"}}, {"model": "admin.logentry", "pk": 39, "fields": {"action_time": "2022-02-08T16:33:45.372Z", "user": 30, "content_type": 16, "object_id": "13", "object_repr": "喝醉後向偵探表白", "action_flag": 1, "change_message": "[{\"added\": {}}]"}}, {"model": "admin.logentry", "pk": 40, "fields": {"action_time": "2022-02-08T16:34:33.856Z", "user": 30, "content_type": 16, "object_id": "14", "object_repr": "向偵探借手機", "action_flag": 1, "change_message": "[{\"added\": {}}]"}}, {"model": "admin.logentry", "pk": 41, "fields": {"action_time": "2022-02-08T16:34:51.590Z", "user": 30, "content_type": 16, "object_id": "9", "object_repr": "偵探本人", "action_flag": 2, "change_message": "[{\"changed\": {\"fields\": [\"Content\"]}}]"}}, {"model": "admin.logentry", "pk": 42, "fields": {"action_time": "2022-02-08T16:34:59.027Z", "user": 30, "content_type": 16, "object_id": "9", "object_repr": "偵探本人", "action_flag": 2, "change_message": "[]"}}, {"model": "admin.logentry", "pk": 43, "fields": {"action_time": "2022-02-08T16:35:05.689Z", "user": 30, "content_type": 16, "object_id": "1", "object_repr": "與偵探發生關係", "action_flag": 2, "change_message": "[{\"changed\": {\"fields\": [\"Content\"]}}]"}}, {"model": "admin.logentry", "pk": 44, "fields": {"action_time": "2022-02-09T06:24:08.744Z", "user": 30, "content_type": 16, "object_id": "13", "object_repr": "喝醉後向偵探表白", "action_flag": 2, "change_message": "[{\"changed\": {\"fields\": [\"Content\"]}}]"}}, {"model": "admin.logentry", "pk": 45, "fields": {"action_time": "2022-02-09T06:24:22.812Z", "user": 30, "content_type": 16, "object_id": "14", "object_repr": "向偵探借手機", "action_flag": 2, "change_message": "[{\"changed\": {\"fields\": [\"Content\"]}}]"}}, {"model": "admin.logentry", "pk": 46, "fields": {"action_time": "2022-02-09T06:24:39.826Z", "user": 30, "content_type": 16, "object_id": "12", "object_repr": "與偵探一起玩飛鏢", "action_flag": 2, "change_message": "[{\"changed\": {\"fields\": [\"Content\"]}}]"}}, {"model": "admin.logentry", "pk": 47, "fields": {"action_time": "2022-02-09T06:24:57.477Z", "user": 30, "content_type": 16, "object_id": "11", "object_repr": "與偵探玩大冒險", "action_flag": 2, "change_message": "[{\"changed\": {\"fields\": [\"Content\"]}}]"}}, {"model": "admin.logentry", "pk": 48, "fields": {"action_time": "2022-02-09T06:25:15.781Z", "user": 30, "content_type": 16, "object_id": "10", "object_repr": "幫偵探找不見的手機", "action_flag": 2, "change_message": "[{\"changed\": {\"fields\": [\"Content\"]}}]"}}, {"model": "admin.logentry", "pk": 49, "fields": {"action_time": "2022-02-09T06:25:27.212Z", "user": 30, "content_type": 16, "object_id": "10", "object_repr": "幫偵探找不見的手機", "action_flag": 2, "change_message": "[]"}}, {"model": "admin.logentry", "pk": 50, "fields": {"action_time": "2022-02-09T06:25:49.267Z", "user": 30, "content_type": 16, "object_id": "8", "object_repr": "吐在偵探的衣服上", "action_flag": 2, "change_message": "[{\"changed\": {\"fields\": [\"Content\"]}}]"}}, {"model": "admin.logentry", "pk": 51, "fields": {"action_time": "2022-02-09T06:26:18.088Z", "user": 30, "content_type": 16, "object_id": "7", "object_repr": "與偵探喝了一杯酒", "action_flag": 2, "change_message": "[{\"changed\": {\"fields\": [\"Content\"]}}]"}}, {"model": "admin.logentry", "pk": 52, "fields": {"action_time": "2022-02-09T06:26:36.560Z", "user": 30, "content_type": 16, "object_id": "6", "object_repr": "靠在偵探的肩膀上睡著了", "action_flag": 2, "change_message": "[{\"changed\": {\"fields\": [\"Content\"]}}]"}}, {"model": "admin.logentry", "pk": 53, "fields": {"action_time": "2022-02-09T06:26:53.024Z", "user": 30, "content_type": 16, "object_id": "5", "object_repr": "被偵探打翻了餐點", "action_flag": 2, "change_message": "[{\"changed\": {\"fields\": [\"Content\"]}}]"}}, {"model": "admin.logentry", "pk": 54, "fields": {"action_time": "2022-02-09T06:27:05.191Z", "user": 30, "content_type": 16, "object_id": "4", "object_repr": "打牌輸給了偵探", "action_flag": 2, "change_message": "[{\"changed\": {\"fields\": [\"Content\"]}}]"}}, {"model": "admin.logentry", "pk": 55, "fields": {"action_time": "2022-02-09T06:27:25.812Z", "user": 30, "content_type": 16, "object_id": "2", "object_repr": "與偵探的好姐妹一起出去", "action_flag": 2, "change_message": "[{\"changed\": {\"fields\": [\"Content\"]}}]"}}, {"model": "admin.logentry", "pk": 56, "fields": {"action_time": "2022-02-09T06:27:47.819Z", "user": 30, "content_type": 16, "object_id": "3", "object_repr": "向偵探搭訕要聯絡方式", "action_flag": 2, "change_message": "[{\"changed\": {\"fields\": [\"Content\"]}}]"}}, {"model": "admin.logentry", "pk": 57, "fields": {"action_time": "2022-02-09T11:18:56.593Z", "user": 30, "content_type": 17, "object_id": "30", "object_repr": "match-30", "action_flag": 3, "change_message": ""}}, {"model": "admin.logentry", "pk": 58, "fields": {"action_time": "2022-02-09T11:18:56.601Z", "user": 30, "content_type": 17, "object_id": "29", "object_repr": "match-29", "action_flag": 3, "change_message": ""}}, {"model": "admin.logentry", "pk": 59, "fields": {"action_time": "2022-02-09T11:18:56.602Z", "user": 30, "content_type": 17, "object_id": "28", "object_repr": "match-28", "action_flag": 3, "change_message": ""}}, {"model": "admin.logentry", "pk": 60, "fields": {"action_time": "2022-02-09T11:18:56.603Z", "user": 30, "content_type": 17, "object_id": "26", "object_repr": "match-26", "action_flag": 3, "change_message": ""}}, {"model": "admin.logentry", "pk": 61, "fields": {"action_time": "2022-02-09T11:18:56.604Z", "user": 30, "content_type": 17, "object_id": "25", "object_repr": "match-25", "action_flag": 3, "change_message": ""}}, {"model": "admin.logentry", "pk": 62, "fields": {"action_time": "2022-02-09T11:18:56.605Z", "user": 30, "content_type": 17, "object_id": "24", "object_repr": "match-24", "action_flag": 3, "change_message": ""}}, {"model": "admin.logentry", "pk": 63, "fields": {"action_time": "2022-02-09T11:18:56.606Z", "user": 30, "content_type": 17, "object_id": "23", "object_repr": "match-23", "action_flag": 3, "change_message": ""}}, {"model": "admin.logentry", "pk": 64, "fields": {"action_time": "2022-02-09T11:18:56.607Z", "user": 30, "content_type": 17, "object_id": "22", "object_repr": "match-22", "action_flag": 3, "change_message": ""}}, {"model": "admin.logentry", "pk": 65, "fields": {"action_time": "2022-02-09T11:18:56.607Z", "user": 30, "content_type": 17, "object_id": "21", "object_repr": "match-21", "action_flag": 3, "change_message": ""}}, {"model": "admin.logentry", "pk": 66, "fields": {"action_time": "2022-02-09T11:18:56.608Z", "user": 30, "content_type": 17, "object_id": "20", "object_repr": "match-20", "action_flag": 3, "change_message": ""}}, {"model": "admin.logentry", "pk": 67, "fields": {"action_time": "2022-02-09T11:18:56.609Z", "user": 30, "content_type": 17, "object_id": "19", "object_repr": "match-19", "action_flag": 3, "change_message": ""}}, {"model": "admin.logentry", "pk": 68, "fields": {"action_time": "2022-02-09T11:18:56.609Z", "user": 30, "content_type": 17, "object_id": "18", "object_repr": "match-18", "action_flag": 3, "change_message": ""}}, {"model": "admin.logentry", "pk": 69, "fields": {"action_time": "2022-02-09T11:18:56.610Z", "user": 30, "content_type": 17, "object_id": "17", "object_repr": "match-17", "action_flag": 3, "change_message": ""}}, {"model": "admin.logentry", "pk": 70, "fields": {"action_time": "2022-02-09T11:18:56.611Z", "user": 30, "content_type": 17, "object_id": "16", "object_repr": "match-16", "action_flag": 3, "change_message": ""}}, {"model": "admin.logentry", "pk": 71, "fields": {"action_time": "2022-02-09T11:18:56.611Z", "user": 30, "content_type": 17, "object_id": "14", "object_repr": "match-14", "action_flag": 3, "change_message": ""}}, {"model": "admin.logentry", "pk": 72, "fields": {"action_time": "2022-02-09T11:18:56.612Z", "user": 30, "content_type": 17, "object_id": "13", "object_repr": "match-13", "action_flag": 3, "change_message": ""}}, {"model": "admin.logentry", "pk": 73, "fields": {"action_time": "2022-02-09T11:18:56.612Z", "user": 30, "content_type": 17, "object_id": "4", "object_repr": "match-4", "action_flag": 3, "change_message": ""}}, {"model": "admin.logentry", "pk": 74, "fields": {"action_time": "2022-02-09T11:18:56.613Z", "user": 30, "content_type": 17, "object_id": "3", "object_repr": "match-3", "action_flag": 3, "change_message": ""}}, {"model": "admin.logentry", "pk": 75, "fields": {"action_time": "2022-02-09T11:18:56.613Z", "user": 30, "content_type": 17, "object_id": "2", "object_repr": "match-2", "action_flag": 3, "change_message": ""}}, {"model": "admin.logentry", "pk": 76, "fields": {"action_time": "2022-02-09T11:18:56.614Z", "user": 30, "content_type": 17, "object_id": "1", "object_repr": "match-1", "action_flag": 3, "change_message": ""}}, {"model": "admin.logentry", "pk": 77, "fields": {"action_time": "2022-02-09T11:19:18.780Z", "user": 30, "content_type": 8, "object_id": "30", "object_repr": "room-30", "action_flag": 3, "change_message": ""}}, {"model": "admin.logentry", "pk": 78, "fields": {"action_time": "2022-02-09T11:19:18.782Z", "user": 30, "content_type": 8, "object_id": "28", "object_repr": "room-28", "action_flag": 3, "change_message": ""}}, {"model": "admin.logentry", "pk": 79, "fields": {"action_time": "2022-02-09T11:19:18.782Z", "user": 30, "content_type": 8, "object_id": "27", "object_repr": "room-27", "action_flag": 3, "change_message": ""}}, {"model": "admin.logentry", "pk": 80, "fields": {"action_time": "2022-02-09T11:19:18.783Z", "user": 30, "content_type": 8, "object_id": "26", "object_repr": "room-26", "action_flag": 3, "change_message": ""}}, {"model": "admin.logentry", "pk": 81, "fields": {"action_time": "2022-02-09T11:19:18.784Z", "user": 30, "content_type": 8, "object_id": "25", "object_repr": "room-25", "action_flag": 3, "change_message": ""}}, {"model": "admin.logentry", "pk": 82, "fields": {"action_time": "2022-02-09T11:19:18.785Z", "user": 30, "content_type": 8, "object_id": "24", "object_repr": "room-24", "action_flag": 3, "change_message": ""}}, {"model": "admin.logentry", "pk": 83, "fields": {"action_time": "2022-02-09T11:19:18.786Z", "user": 30, "content_type": 8, "object_id": "23", "object_repr": "room-23", "action_flag": 3, "change_message": ""}}, {"model": "admin.logentry", "pk": 84, "fields": {"action_time": "2022-02-09T11:19:18.786Z", "user": 30, "content_type": 8, "object_id": "22", "object_repr": "room-22", "action_flag": 3, "change_message": ""}}, {"model": "admin.logentry", "pk": 85, "fields": {"action_time": "2022-02-09T11:20:33.267Z", "user": 30, "content_type": 15, "object_id": "8", "object_repr": "必修課教授", "action_flag": 1, "change_message": "[{\"added\": {}}]"}}, {"model": "admin.logentry", "pk": 86, "fields": {"action_time": "2022-02-09T11:20:58.715Z", "user": 30, "content_type": 15, "object_id": "9", "object_repr": "愛當人的教授", "action_flag": 1, "change_message": "[{\"added\": {}}]"}}, {"model": "admin.logentry", "pk": 87, "fields": {"action_time": "2022-02-09T11:21:16.947Z", "user": 30, "content_type": 15, "object_id": "10", "object_repr": "系上邊緣人", "action_flag": 1, "change_message": "[{\"added\": {}}]"}}, {"model": "admin.logentry", "pk": 88, "fields": {"action_time": "2022-02-09T11:21:31.720Z", "user": 30, "content_type": 15, "object_id": "11", "object_repr": "工具人", "action_flag": 1, "change_message": "[{\"added\": {}}]"}}, {"model": "admin.logentry", "pk": 89, "fields": {"action_time": "2022-02-09T11:21:56.030Z", "user": 30, "content_type": 15, "object_id": "12", "object_repr": "社團學長", "action_flag": 1, "change_message": "[{\"added\": {}}]"}}, {"model": "admin.logentry", "pk": 90, "fields": {"action_time": "2022-02-09T11:22:07.863Z", "user": 30, "content_type": 15, "object_id": "13", "object_repr": "社團講師", "action_flag": 1, "change_message": "[{\"added\": {}}]"}}, {"model": "admin.logentry", "pk": 91, "fields": {"action_time": "2022-02-09T11:22:21.601Z", "user": 30, "content_type": 15, "object_id": "14", "object_repr": "富豪同學", "action_flag": 1, "change_message": "[{\"added\": {}}]"}}, {"model": "admin.logentry", "pk": 92, "fields": {"action_time": "2022-02-09T11:22:52.383Z", "user": 30, "content_type": 15, "object_id": "15", "object_repr": "好姐妹的男友", "action_flag": 1, "change_message": "[{\"added\": {}}]"}}, {"model": "admin.logentry", "pk": 93, "fields": {"action_time": "2022-02-09T11:23:04.278Z", "user": 30, "content_type": 15, "object_id": "16", "object_repr": "好姐妹的友人", "action_flag": 1, "change_message": "[{\"added\": {}}]"}}, {"model": "admin.logentry", "pk": 94, "fields": {"action_time": "2022-02-09T11:23:28.230Z", "user": 30, "content_type": 15, "object_id": "17", "object_repr": "舞會男伴", "action_flag": 1, "change_message": "[{\"added\": {}}]"}}, {"model": "admin.logentry", "pk": 95, "fields": {"action_time": "2022-02-09T11:23:39.038Z", "user": 30, "content_type": 15, "object_id": "18", "object_repr": "舞會主持人", "action_flag": 1, "change_message": "[{\"added\": {}}]"}}, {"model": "admin.logentry", "pk": 96, "fields": {"action_time": "2022-02-09T11:23:57.999Z", "user": 30, "content_type": 15, "object_id": "19", "object_repr": "籃球系隊隊長", "action_flag": 1, "change_message": "[{\"added\": {}}]"}}, {"model": "admin.logentry", "pk": 97, "fields": {"action_time": "2022-02-09T11:24:08.943Z", "user": 30, "content_type": 15, "object_id": "20", "object_repr": "排球系隊隊長", "action_flag": 1, "change_message": "[{\"added\": {}}]"}}, {"model": "admin.logentry", "pk": 98, "fields": {"action_time": "2022-02-10T15:44:33.474Z", "user": 30, "content_type": 17, "object_id": "40", "object_repr": "match-40", "action_flag": 3, "change_message": ""}}, {"model": "admin.logentry", "pk": 99, "fields": {"action_time": "2022-02-10T16:12:46.576Z", "user": 30, "content_type": 17, "object_id": "45", "object_repr": "match-45", "action_flag": 3, "change_message": ""}}, {"model": "admin.logentry", "pk": 100, "fields": {"action_time": "2022-02-11T19:08:07.981Z", "user": 30, "content_type": 9, "object_id": "97f8f16d-7d64-4888-9082-6e3a25335c48", "object_repr": "jason959493@gmail.com (97f8f16d-7d64-4888-9082-6e3a25335c48)", "action_flag": 1, "change_message": "[{\"added\": {}}]"}}, {"model": "admin.logentry", "pk": 101, "fields": {"action_time": "2022-02-11T19:08:32.865Z", "user": 30, "content_type": 9, "object_id": "97f8f16d-7d64-4888-9082-6e3a25335c48", "object_repr": "jason959493 (97f8f16d-7d64-4888-9082-6e3a25335c48)", "action_flag": 2, "change_message": "[{\"changed\": {\"fields\": [\"Name\"]}}]"}}, {"model": "admin.logentry", "pk": 102, "fields": {"action_time": "2022-02-12T06:39:59.227Z", "user": 30, "content_type": 14, "object_id": "1", "object_repr": "test_graduate_girl", "action_flag": 3, "change_message": ""}}, {"model": "admin.logentry", "pk": 103, "fields": {"action_time": "2022-02-12T15:43:05.567Z", "user": 30, "content_type": 4, "object_id": "34", "object_repr": "anonlarp@gmail.com0", "action_flag": 3, "change_message": ""}}, {"model": "admin.logentry", "pk": 104, "fields": {"action_time": "2022-02-12T15:43:16.706Z", "user": 30, "content_type": 9, "object_id": "b91e6457-ca3f-4124-afaf-40b1f4505e3d", "object_repr": "女＠ (b91e6457-ca3f-4124-afaf-40b1f4505e3d)", "action_flag": 3, "change_message": ""}}, {"model": "admin.logentry", "pk": 105, "fields": {"action_time": "2022-02-12T16:22:55.666Z", "user": 30, "content_type": 4, "object_id": "35", "object_repr": "anonlarp@gmail.com", "action_flag": 2, "change_message": "[{\"changed\": {\"fields\": [\"Staff status\", \"Superuser status\"]}}]"}}, {"model": "admin.logentry", "pk": 106, "fields": {"action_time": "2022-02-12T16:31:24.845Z", "user": 30, "content_type": 4, "object_id": "28", "object_repr": "kfc9594@yahoo.com.tw1", "action_flag": 3, "change_message": ""}}, {"model": "admin.logentry", "pk": 107, "fields": {"action_time": "2022-02-12T16:31:48.193Z", "user": 30, "content_type": 4, "object_id": "36", "object_repr": "kfc9594@yahoo.com.tw1", "action_flag": 1, "change_message": "[{\"added\": {}}]"}}, {"model": "admin.logentry", "pk": 108, "fields": {"action_time": "2022-02-12T16:32:03.611Z", "user": 30, "content_type": 4, "object_id": "36", "object_repr": "kfc9594@yahoo.com.tw1", "action_flag": 2, "change_message": "[{\"changed\": {\"fields\": [\"Email address\"]}}]"}}, {"model": "admin.logentry", "pk": 109, "fields": {"action_time": "2022-02-12T16:32:16.384Z", "user": 30, "content_type": 9, "object_id": "f873ae91-4c2a-4fe0-a5d5-c4555525714a", "object_repr": "kfc9594@1 (f873ae91-4c2a-4fe0-a5d5-c4555525714a)", "action_flag": 2, "change_message": "[{\"changed\": {\"fields\": [\"User\"]}}]"}}, {"model": "admin.logentry", "pk": 110, "fields": {"action_time": "2022-02-12T17:52:58.531Z", "user": 30, "content_type": 14, "object_id": "2", "object_repr": "graduate_girl", "action_flag": 2, "change_message": "[{\"changed\": {\"fields\": [\"Best ratio\"]}}]"}}, {"model": "admin.logentry", "pk": 111, "fields": {"action_time": "2022-02-20T10:28:35.526Z", "user": 30, "content_type": 8, "object_id": "67", "object_repr": "room-67", "action_flag": 3, "change_message": ""}}, {"model": "admin.logentry", "pk": 112, "fields": {"action_time": "2022-02-20T10:28:35.535Z", "user": 30, "content_type": 8, "object_id": "64", "object_repr": "room-64", "action_flag": 3, "change_message": ""}}, {"model": "admin.logentry", "pk": 113, "fields": {"action_time": "2022-03-02T18:45:44.203Z", "user": 30, "content_type": 14, "object_id": "3", "object_repr": "male_or_female", "action_flag": 1, "change_message": "[{\"added\": {}}]"}}, {"model": "admin.logentry", "pk": 114, "fields": {"action_time": "2022-03-02T18:46:13.831Z", "user": 30, "content_type": 14, "object_id": "3", "object_repr": "male_or_female", "action_flag": 2, "change_message": "[{\"changed\": {\"fields\": [\"Best ratio\", \"Threshold ratio\"]}}]"}}, {"model": "admin.logentry", "pk": 115, "fields": {"action_time": "2022-03-07T12:10:26.087Z", "user": 30, "content_type": 16, "object_id": "15", "object_repr": "1", "action_flag": 1, "change_message": "[{\"added\": {}}]"}}, {"model": "admin.logentry", "pk": 116, "fields": {"action_time": "2022-03-07T12:11:17.140Z", "user": 30, "content_type": 16, "object_id": "16", "object_repr": "2", "action_flag": 1, "change_message": "[{\"added\": {}}]"}}, {"model": "admin.logentry", "pk": 117, "fields": {"action_time": "2022-03-07T12:11:42.797Z", "user": 30, "content_type": 16, "object_id": "17", "object_repr": "3", "action_flag": 1, "change_message": "[{\"added\": {}}]"}}, {"model": "admin.logentry", "pk": 118, "fields": {"action_time": "2022-03-07T12:12:06.729Z", "user": 30, "content_type": 16, "object_id": "18", "object_repr": "4", "action_flag": 1, "change_message": "[{\"added\": {}}]"}}, {"model": "admin.logentry", "pk": 119, "fields": {"action_time": "2022-03-07T12:12:30.351Z", "user": 30, "content_type": 16, "object_id": "19", "object_repr": "5", "action_flag": 1, "change_message": "[{\"added\": {}}]"}}, {"model": "admin.logentry", "pk": 120, "fields": {"action_time": "2022-03-07T12:13:16.160Z", "user": 30, "content_type": 16, "object_id": "20", "object_repr": "6", "action_flag": 1, "change_message": "[{\"added\": {}}]"}}, {"model": "admin.logentry", "pk": 121, "fields": {"action_time": "2022-03-07T12:13:31.059Z", "user": 30, "content_type": 16, "object_id": "21", "object_repr": "7", "action_flag": 1, "change_message": "[{\"added\": {}}]"}}, {"model": "admin.logentry", "pk": 122, "fields": {"action_time": "2022-03-07T12:13:45.527Z", "user": 30, "content_type": 16, "object_id": "22", "object_repr": "8", "action_flag": 1, "change_message": "[{\"added\": {}}]"}}, {"model": "admin.logentry", "pk": 123, "fields": {"action_time": "2022-03-07T12:13:59.028Z", "user": 30, "content_type": 16, "object_id": "23", "object_repr": "9", "action_flag": 1, "change_message": "[{\"added\": {}}]"}}, {"model": "admin.logentry", "pk": 124, "fields": {"action_time": "2022-03-07T12:14:13.854Z", "user": 30, "content_type": 16, "object_id": "24", "object_repr": "10", "action_flag": 1, "change_message": "[{\"added\": {}}]"}}, {"model": "admin.logentry", "pk": 125, "fields": {"action_time": "2022-03-07T12:14:32.191Z", "user": 30, "content_type": 16, "object_id": "25", "object_repr": "11", "action_flag": 1, "change_message": "[{\"added\": {}}]"}}, {"model": "admin.logentry", "pk": 126, "fields": {"action_time": "2022-03-07T12:14:47.772Z", "user": 30, "content_type": 16, "object_id": "26", "object_repr": "12", "action_flag": 1, "change_message": "[{\"added\": {}}]"}}, {"model": "admin.logentry", "pk": 127, "fields": {"action_time": "2022-03-07T12:15:02.520Z", "user": 30, "content_type": 16, "object_id": "27", "object_repr": "13", "action_flag": 1, "change_message": "[{\"added\": {}}]"}}, {"model": "admin.logentry", "pk": 128, "fields": {"action_time": "2022-03-07T12:15:18.980Z", "user": 30, "content_type": 16, "object_id": "28", "object_repr": "14", "action_flag": 1, "change_message": "[{\"added\": {}}]"}}, {"model": "admin.logentry", "pk": 129, "fields": {"action_time": "2022-03-07T12:15:39.094Z", "user": 30, "content_type": 16, "object_id": "29", "object_repr": "15", "action_flag": 1, "change_message": "[{\"added\": {}}]"}}, {"model": "admin.logentry", "pk": 130, "fields": {"action_time": "2022-03-07T12:15:53.590Z", "user": 30, "content_type": 16, "object_id": "30", "object_repr": "16", "action_flag": 1, "change_message": "[{\"added\": {}}]"}}, {"model": "admin.logentry", "pk": 131, "fields": {"action_time": "2022-03-07T12:16:04.818Z", "user": 30, "content_type": 16, "object_id": "31", "object_repr": "17", "action_flag": 1, "change_message": "[{\"added\": {}}]"}}, {"model": "admin.logentry", "pk": 132, "fields": {"action_time": "2022-03-07T12:16:23.946Z", "user": 30, "content_type": 16, "object_id": "32", "object_repr": "18", "action_flag": 1, "change_message": "[{\"added\": {}}]"}}, {"model": "admin.logentry", "pk": 133, "fields": {"action_time": "2022-03-07T12:16:37.165Z", "user": 30, "content_type": 16, "object_id": "33", "object_repr": "19", "action_flag": 1, "change_message": "[{\"added\": {}}]"}}, {"model": "admin.logentry", "pk": 134, "fields": {"action_time": "2022-03-07T12:16:48.805Z", "user": 30, "content_type": 16, "object_id": "34", "object_repr": "20", "action_flag": 1, "change_message": "[{\"added\": {}}]"}}, {"model": "admin.logentry", "pk": 135, "fields": {"action_time": "2022-03-07T12:16:59.462Z", "user": 30, "content_type": 16, "object_id": "35", "object_repr": "21", "action_flag": 1, "change_message": "[{\"added\": {}}]"}}, {"model": "admin.logentry", "pk": 136, "fields": {"action_time": "2022-03-07T12:17:15.305Z", "user": 30, "content_type": 16, "object_id": "36", "object_repr": "22", "action_flag": 1, "change_message": "[{\"added\": {}}]"}}, {"model": "admin.logentry", "pk": 137, "fields": {"action_time": "2022-03-07T12:17:29.048Z", "user": 30, "content_type": 16, "object_id": "37", "object_repr": "23", "action_flag": 1, "change_message": "[{\"added\": {}}]"}}, {"model": "admin.logentry", "pk": 138, "fields": {"action_time": "2022-03-07T12:17:41.258Z", "user": 30, "content_type": 16, "object_id": "38", "object_repr": "24", "action_flag": 1, "change_message": "[{\"added\": {}}]"}}, {"model": "admin.logentry", "pk": 139, "fields": {"action_time": "2022-03-07T12:17:54.114Z", "user": 30, "content_type": 16, "object_id": "39", "object_repr": "25", "action_flag": 1, "change_message": "[{\"added\": {}}]"}}, {"model": "admin.logentry", "pk": 140, "fields": {"action_time": "2022-03-07T12:18:05.842Z", "user": 30, "content_type": 16, "object_id": "40", "object_repr": "26", "action_flag": 1, "change_message": "[{\"added\": {}}]"}}, {"model": "admin.logentry", "pk": 141, "fields": {"action_time": "2022-03-07T21:21:05.827Z", "user": 30, "content_type": 16, "object_id": "29", "object_repr": "15", "action_flag": 2, "change_message": "[{\"changed\": {\"fields\": [\"Content\"]}}]"}}, {"model": "admin.logentry", "pk": 142, "fields": {"action_time": "2022-03-07T21:21:36.512Z", "user": 30, "content_type": 16, "object_id": "15", "object_repr": "1", "action_flag": 2, "change_message": "[{\"changed\": {\"fields\": [\"Content\"]}}]"}}, {"model": "admin.logentry", "pk": 143, "fields": {"action_time": "2022-03-07T21:21:55.989Z", "user": 30, "content_type": 16, "object_id": "41", "object_repr": "27", "action_flag": 1, "change_message": "[{\"added\": {}}]"}}, {"model": "admin.logentry", "pk": 144, "fields": {"action_time": "2022-03-08T11:21:42.975Z", "user": 30, "content_type": 14, "object_id": "3", "object_repr": "male_or_female", "action_flag": 2, "change_message": "[{\"changed\": {\"fields\": [\"Best ratio\"]}}]"}}, {"model": "admin.logentry", "pk": 145, "fields": {"action_time": "2022-03-08T11:25:58.075Z", "user": 30, "content_type": 14, "object_id": "3", "object_repr": "male_or_female", "action_flag": 2, "change_message": "[{\"changed\": {\"fields\": [\"Best ratio\"]}}]"}}, {"model": "admin.logentry", "pk": 146, "fields": {"action_time": "2022-03-08T11:38:33.248Z", "user": 30, "content_type": 14, "object_id": "2", "object_repr": "graduate_girl", "action_flag": 2, "change_message": "[{\"changed\": {\"fields\": [\"NoplayerNum\"]}}]"}}, {"model": "admin.logentry", "pk": 147, "fields": {"action_time": "2022-03-11T12:10:22.154Z", "user": 30, "content_type": 14, "object_id": "3", "object_repr": "male_or_female", "action_flag": 2, "change_message": "[{\"changed\": {\"fields\": [\"Best ratio\"]}}]"}}, {"model": "admin.logentry", "pk": 148, "fields": {"action_time": "2022-03-11T13:30:17.114Z", "user": 30, "content_type": 8, "object_id": "135", "object_repr": "room-135", "action_flag": 3, "change_message": ""}}, {"model": "admin.logentry", "pk": 149, "fields": {"action_time": "2022-03-11T13:30:17.131Z", "user": 30, "content_type": 8, "object_id": "132", "object_repr": "room-132", "action_flag": 3, "change_message": ""}}, {"model": "admin.logentry", "pk": 150, "fields": {"action_time": "2022-03-11T13:30:17.141Z", "user": 30, "content_type": 8, "object_id": "131", "object_repr": "room-131", "action_flag": 3, "change_message": ""}}, {"model": "admin.logentry", "pk": 151, "fields": {"action_time": "2022-03-11T13:30:17.151Z", "user": 30, "content_type": 8, "object_id": "103", "object_repr": "room-103", "action_flag": 3, "change_message": ""}}, {"model": "admin.logentry", "pk": 152, "fields": {"action_time": "2022-03-11T13:30:17.161Z", "user": 30, "content_type": 8, "object_id": "96", "object_repr": "room-96", "action_flag": 3, "change_message": ""}}, {"model": "admin.logentry", "pk": 153, "fields": {"action_time": "2022-03-11T13:30:17.170Z", "user": 30, "content_type": 8, "object_id": "92", "object_repr": "room-92", "action_flag": 3, "change_message": ""}}, {"model": "admin.logentry", "pk": 154, "fields": {"action_time": "2022-03-11T13:30:17.180Z", "user": 30, "content_type": 8, "object_id": "81", "object_repr": "room-81", "action_flag": 3, "change_message": ""}}, {"model": "admin.logentry", "pk": 155, "fields": {"action_time": "2022-03-11T13:30:17.188Z", "user": 30, "content_type": 8, "object_id": "79", "object_repr": "room-79", "action_flag": 3, "change_message": ""}}, {"model": "admin.logentry", "pk": 156, "fields": {"action_time": "2022-03-11T13:30:17.198Z", "user": 30, "content_type": 8, "object_id": "77", "object_repr": "room-77", "action_flag": 3, "change_message": ""}}, {"model": "admin.logentry", "pk": 157, "fields": {"action_time": "2022-03-11T13:30:17.208Z", "user": 30, "content_type": 8, "object_id": "75", "object_repr": "room-75", "action_flag": 3, "change_message": ""}}, {"model": "admin.logentry", "pk": 158, "fields": {"action_time": "2022-03-11T13:30:17.216Z", "user": 30, "content_type": 8, "object_id": "74", "object_repr": "room-74", "action_flag": 3, "change_message": ""}}, {"model": "admin.logentry", "pk": 159, "fields": {"action_time": "2022-03-11T13:30:17.224Z", "user": 30, "content_type": 8, "object_id": "63", "object_repr": "room-63", "action_flag": 3, "change_message": ""}}, {"model": "admin.logentry", "pk": 160, "fields": {"action_time": "2022-03-11T13:30:17.233Z", "user": 30, "content_type": 8, "object_id": "62", "object_repr": "room-62", "action_flag": 3, "change_message": ""}}, {"model": "admin.logentry", "pk": 161, "fields": {"action_time": "2022-03-11T13:30:24.381Z", "user": 30, "content_type": 17, "object_id": "14", "object_repr": "match-14", "action_flag": 3, "change_message": ""}}, {"model": "admin.logentry", "pk": 162, "fields": {"action_time": "2022-03-11T13:30:24.392Z", "user": 30, "content_type": 17, "object_id": "13", "object_repr": "match-13", "action_flag": 3, "change_message": ""}}, {"model": "admin.logentry", "pk": 163, "fields": {"action_time": "2022-03-11T13:30:24.401Z", "user": 30, "content_type": 17, "object_id": "12", "object_repr": "match-12", "action_flag": 3, "change_message": ""}}, {"model": "admin.logentry", "pk": 164, "fields": {"action_time": "2022-03-11T13:32:07.761Z", "user": 30, "content_type": 9, "object_id": "c384f934-2062-4c31-8d23-6433275eb0c0", "object_repr": "新莊國女子 (c384f934-2062-4c31-8d23-6433275eb0c0)", "action_flag": 2, "change_message": "[{\"changed\": {\"fields\": [\"Status\"]}}]"}}, {"model": "admin.logentry", "pk": 165, "fields": {"action_time": "2022-03-11T13:34:31.998Z", "user": 30, "content_type": 9, "object_id": "c384f934-2062-4c31-8d23-6433275eb0c0", "object_repr": "新莊國女子 (c384f934-2062-4c31-8d23-6433275eb0c0)", "action_flag": 2, "change_message": "[{\"changed\": {\"fields\": [\"Status\"]}}]"}}, {"model": "admin.logentry", "pk": 166, "fields": {"action_time": "2022-03-11T13:35:16.454Z", "user": 30, "content_type": 9, "object_id": "c384f934-2062-4c31-8d23-6433275eb0c0", "object_repr": "新莊國女子 (c384f934-2062-4c31-8d23-6433275eb0c0)", "action_flag": 2, "change_message": "[{\"changed\": {\"fields\": [\"Status\"]}}]"}}, {"model": "admin.logentry", "pk": 167, "fields": {"action_time": "2022-03-11T13:36:02.489Z", "user": 30, "content_type": 9, "object_id": "97164eb2-ef32-4cbe-8ce4-4ec4998d1199", "object_repr": "656 (97164eb2-ef32-4cbe-8ce4-4ec4998d1199)", "action_flag": 2, "change_message": "[{\"changed\": {\"fields\": [\"Status\"]}}]"}}, {"model": "admin.logentry", "pk": 168, "fields": {"action_time": "2022-03-11T13:36:10.313Z", "user": 30, "content_type": 9, "object_id": "92391ddc-5642-48c7-8c9f-b89816bf2dbe", "object_repr": "為人民服務 (92391ddc-5642-48c7-8c9f-b89816bf2dbe)", "action_flag": 2, "change_message": "[{\"changed\": {\"fields\": [\"Status\"]}}]"}}, {"model": "admin.logentry", "pk": 169, "fields": {"action_time": "2022-03-11T13:36:17.722Z", "user": 30, "content_type": 9, "object_id": "508824b7-9b48-4802-aefe-c126f34e2ffd", "object_repr": "我有一條大岩蛇 (508824b7-9b48-4802-aefe-c126f34e2ffd)", "action_flag": 2, "change_message": "[{\"changed\": {\"fields\": [\"Status\"]}}]"}}, {"model": "admin.logentry", "pk": 170, "fields": {"action_time": "2022-03-11T13:36:24.277Z", "user": 30, "content_type": 9, "object_id": "28a4deec-83d1-4f52-a613-6dbf70ebbb3c", "object_repr": "習近平 (28a4deec-83d1-4f52-a613-6dbf70ebbb3c)", "action_flag": 2, "change_message": "[{\"changed\": {\"fields\": [\"Status\"]}}]"}}, {"model": "admin.logentry", "pk": 171, "fields": {"action_time": "2022-03-11T13:36:39.544Z", "user": 30, "content_type": 9, "object_id": "e57b77db-55b0-4db3-83a0-0725edb223c3", "object_repr": "今天很冷 (e57b77db-55b0-4db3-83a0-0725edb223c3)", "action_flag": 2, "change_message": "[{\"changed\": {\"fields\": [\"Status\"]}}]"}}, {"model": "admin.logentry", "pk": 172, "fields": {"action_time": "2022-03-11T13:46:38.242Z", "user": 30, "content_type": 9, "object_id": "e57b77db-55b0-4db3-83a0-0725edb223c3", "object_repr": "今天很冷 (e57b77db-55b0-4db3-83a0-0725edb223c3)", "action_flag": 2, "change_message": "[{\"changed\": {\"fields\": [\"Tag int\"]}}]"}}, {"model": "admin.logentry", "pk": 173, "fields": {"action_time": "2022-03-11T13:46:55.167Z", "user": 30, "content_type": 9, "object_id": "92391ddc-5642-48c7-8c9f-b89816bf2dbe", "object_repr": "為人民服務 (92391ddc-5642-48c7-8c9f-b89816bf2dbe)", "action_flag": 2, "change_message": "[{\"changed\": {\"fields\": [\"Tag int\", \"Tag json\"]}}]"}}, {"model": "admin.logentry", "pk": 174, "fields": {"action_time": "2022-03-11T13:47:13.111Z", "user": 30, "content_type": 9, "object_id": "28a4deec-83d1-4f52-a613-6dbf70ebbb3c", "object_repr": "習近平 (28a4deec-83d1-4f52-a613-6dbf70ebbb3c)", "action_flag": 2, "change_message": "[{\"changed\": {\"fields\": [\"Tag int\", \"Tag json\"]}}]"}}, {"model": "admin.logentry", "pk": 175, "fields": {"action_time": "2022-03-11T13:48:15.949Z", "user": 30, "content_type": 9, "object_id": "e57b77db-55b0-4db3-83a0-0725edb223c3", "object_repr": "今天很冷 (e57b77db-55b0-4db3-83a0-0725edb223c3)", "action_flag": 2, "change_message": "[{\"changed\": {\"fields\": [\"Waiting time\"]}}]"}}, {"model": "admin.logentry", "pk": 176, "fields": {"action_time": "2022-03-11T13:49:00.254Z", "user": 30, "content_type": 9, "object_id": "b898de2b-9123-4f55-8283-e1df60c519e9", "object_repr": "kyed (b898de2b-9123-4f55-8283-e1df60c519e9)", "action_flag": 2, "change_message": "[{\"changed\": {\"fields\": [\"Waiting time\"]}}]"}}, {"model": "auth.permission", "pk": 1, "fields": {"name": "Can add log entry", "content_type": 1, "codename": "add_logentry"}}, {"model": "auth.permission", "pk": 2, "fields": {"name": "Can change log entry", "content_type": 1, "codename": "change_logentry"}}, {"model": "auth.permission", "pk": 3, "fields": {"name": "Can delete log entry", "content_type": 1, "codename": "delete_logentry"}}, {"model": "auth.permission", "pk": 4, "fields": {"name": "Can view log entry", "content_type": 1, "codename": "view_logentry"}}, {"model": "auth.permission", "pk": 5, "fields": {"name": "Can add permission", "content_type": 2, "codename": "add_permission"}}, {"model": "auth.permission", "pk": 6, "fields": {"name": "Can change permission", "content_type": 2, "codename": "change_permission"}}, {"model": "auth.permission", "pk": 7, "fields": {"name": "Can delete permission", "content_type": 2, "codename": "delete_permission"}}, {"model": "auth.permission", "pk": 8, "fields": {"name": "Can view permission", "content_type": 2, "codename": "view_permission"}}, {"model": "auth.permission", "pk": 9, "fields": {"name": "Can add group", "content_type": 3, "codename": "add_group"}}, {"model": "auth.permission", "pk": 10, "fields": {"name": "Can change group", "content_type": 3, "codename": "change_group"}}, {"model": "auth.permission", "pk": 11, "fields": {"name": "Can delete group", "content_type": 3, "codename": "delete_group"}}, {"model": "auth.permission", "pk": 12, "fields": {"name": "Can view group", "content_type": 3, "codename": "view_group"}}, {"model": "auth.permission", "pk": 13, "fields": {"name": "Can add user", "content_type": 4, "codename": "add_user"}}, {"model": "auth.permission", "pk": 14, "fields": {"name": "Can change user", "content_type": 4, "codename": "change_user"}}, {"model": "auth.permission", "pk": 15, "fields": {"name": "Can delete user", "content_type": 4, "codename": "delete_user"}}, {"model": "auth.permission", "pk": 16, "fields": {"name": "Can view user", "content_type": 4, "codename": "view_user"}}, {"model": "auth.permission", "pk": 17, "fields": {"name": "Can add content type", "content_type": 5, "codename": "add_contenttype"}}, {"model": "auth.permission", "pk": 18, "fields": {"name": "Can change content type", "content_type": 5, "codename": "change_contenttype"}}, {"model": "auth.permission", "pk": 19, "fields": {"name": "Can delete content type", "content_type": 5, "codename": "delete_contenttype"}}, {"model": "auth.permission", "pk": 20, "fields": {"name": "Can view content type", "content_type": 5, "codename": "view_contenttype"}}, {"model": "auth.permission", "pk": 21, "fields": {"name": "Can add session", "content_type": 6, "codename": "add_session"}}, {"model": "auth.permission", "pk": 22, "fields": {"name": "Can change session", "content_type": 6, "codename": "change_session"}}, {"model": "auth.permission", "pk": 23, "fields": {"name": "Can delete session", "content_type": 6, "codename": "delete_session"}}, {"model": "auth.permission", "pk": 24, "fields": {"name": "Can view session", "content_type": 6, "codename": "view_session"}}, {"model": "auth.permission", "pk": 25, "fields": {"name": "Can add question", "content_type": 7, "codename": "add_question"}}, {"model": "auth.permission", "pk": 26, "fields": {"name": "Can change question", "content_type": 7, "codename": "change_question"}}, {"model": "auth.permission", "pk": 27, "fields": {"name": "Can delete question", "content_type": 7, "codename": "delete_question"}}, {"model": "auth.permission", "pk": 28, "fields": {"name": "Can view question", "content_type": 7, "codename": "view_question"}}, {"model": "auth.permission", "pk": 29, "fields": {"name": "Can add room", "content_type": 8, "codename": "add_room"}}, {"model": "auth.permission", "pk": 30, "fields": {"name": "Can change room", "content_type": 8, "codename": "change_room"}}, {"model": "auth.permission", "pk": 31, "fields": {"name": "Can delete room", "content_type": 8, "codename": "delete_room"}}, {"model": "auth.permission", "pk": 32, "fields": {"name": "Can view room", "content_type": 8, "codename": "view_room"}}, {"model": "auth.permission", "pk": 33, "fields": {"name": "Can add player", "content_type": 9, "codename": "add_player"}}, {"model": "auth.permission", "pk": 34, "fields": {"name": "Can change player", "content_type": 9, "codename": "change_player"}}, {"model": "auth.permission", "pk": 35, "fields": {"name": "Can delete player", "content_type": 9, "codename": "delete_player"}}, {"model": "auth.permission", "pk": 36, "fields": {"name": "Can view player", "content_type": 9, "codename": "view_player"}}, {"model": "auth.permission", "pk": 37, "fields": {"name": "Can add photo", "content_type": 10, "codename": "add_photo"}}, {"model": "auth.permission", "pk": 38, "fields": {"name": "Can change photo", "content_type": 10, "codename": "change_photo"}}, {"model": "auth.permission", "pk": 39, "fields": {"name": "Can delete photo", "content_type": 10, "codename": "delete_photo"}}, {"model": "auth.permission", "pk": 40, "fields": {"name": "Can view photo", "content_type": 10, "codename": "view_photo"}}, {"model": "auth.permission", "pk": 41, "fields": {"name": "Can add school", "content_type": 11, "codename": "add_school"}}, {"model": "auth.permission", "pk": 42, "fields": {"name": "Can change school", "content_type": 11, "codename": "change_school"}}, {"model": "auth.permission", "pk": 43, "fields": {"name": "Can delete school", "content_type": 11, "codename": "delete_school"}}, {"model": "auth.permission", "pk": 44, "fields": {"name": "Can view school", "content_type": 11, "codename": "view_school"}}, {"model": "auth.permission", "pk": 45, "fields": {"name": "Can add dialogue", "content_type": 12, "codename": "add_dialogue"}}, {"model": "auth.permission", "pk": 46, "fields": {"name": "Can change dialogue", "content_type": 12, "codename": "change_dialogue"}}, {"model": "auth.permission", "pk": 47, "fields": {"name": "Can delete dialogue", "content_type": 12, "codename": "delete_dialogue"}}, {"model": "auth.permission", "pk": 48, "fields": {"name": "Can view dialogue", "content_type": 12, "codename": "view_dialogue"}}, {"model": "auth.permission", "pk": 49, "fields": {"name": "Can add robot", "content_type": 13, "codename": "add_robot"}}, {"model": "auth.permission", "pk": 50, "fields": {"name": "Can change robot", "content_type": 13, "codename": "change_robot"}}, {"model": "auth.permission", "pk": 51, "fields": {"name": "Can delete robot", "content_type": 13, "codename": "delete_robot"}}, {"model": "auth.permission", "pk": 52, "fields": {"name": "Can view robot", "content_type": 13, "codename": "view_robot"}}, {"model": "auth.permission", "pk": 53, "fields": {"name": "Can add game", "content_type": 14, "codename": "add_game"}}, {"model": "auth.permission", "pk": 54, "fields": {"name": "Can change game", "content_type": 14, "codename": "change_game"}}, {"model": "auth.permission", "pk": 55, "fields": {"name": "Can delete game", "content_type": 14, "codename": "delete_game"}}, {"model": "auth.permission", "pk": 56, "fields": {"name": "Can view game", "content_type": 14, "codename": "view_game"}}, {"model": "auth.permission", "pk": 57, "fields": {"name": "Can add role", "content_type": 15, "codename": "add_role"}}, {"model": "auth.permission", "pk": 58, "fields": {"name": "Can change role", "content_type": 15, "codename": "change_role"}}, {"model": "auth.permission", "pk": 59, "fields": {"name": "Can delete role", "content_type": 15, "codename": "delete_role"}}, {"model": "auth.permission", "pk": 60, "fields": {"name": "Can view role", "content_type": 15, "codename": "view_role"}}, {"model": "auth.permission", "pk": 61, "fields": {"name": "Can add game role", "content_type": 15, "codename": "add_gamerole"}}, {"model": "auth.permission", "pk": 62, "fields": {"name": "Can change game role", "content_type": 15, "codename": "change_gamerole"}}, {"model": "auth.permission", "pk": 63, "fields": {"name": "Can delete game role", "content_type": 15, "codename": "delete_gamerole"}}, {"model": "auth.permission", "pk": 64, "fields": {"name": "Can view game role", "content_type": 15, "codename": "view_gamerole"}}, {"model": "auth.permission", "pk": 65, "fields": {"name": "Can add game event", "content_type": 16, "codename": "add_gameevent"}}, {"model": "auth.permission", "pk": 66, "fields": {"name": "Can change game event", "content_type": 16, "codename": "change_gameevent"}}, {"model": "auth.permission", "pk": 67, "fields": {"name": "Can delete game event", "content_type": 16, "codename": "delete_gameevent"}}, {"model": "auth.permission", "pk": 68, "fields": {"name": "Can view game event", "content_type": 16, "codename": "view_gameevent"}}, {"model": "auth.permission", "pk": 69, "fields": {"name": "Can add match", "content_type": 17, "codename": "add_match"}}, {"model": "auth.permission", "pk": 70, "fields": {"name": "Can change match", "content_type": 17, "codename": "change_match"}}, {"model": "auth.permission", "pk": 71, "fields": {"name": "Can delete match", "content_type": 17, "codename": "delete_match"}}, {"model": "auth.permission", "pk": 72, "fields": {"name": "Can view match", "content_type": 17, "codename": "view_match"}}, {"model": "auth.permission", "pk": 73, "fields": {"name": "Can add city", "content_type": 18, "codename": "add_city"}}, {"model": "auth.permission", "pk": 74, "fields": {"name": "Can change city", "content_type": 18, "codename": "change_city"}}, {"model": "auth.permission", "pk": 75, "fields": {"name": "Can delete city", "content_type": 18, "codename": "delete_city"}}, {"model": "auth.permission", "pk": 76, "fields": {"name": "Can view city", "content_type": 18, "codename": "view_city"}}, {"model": "auth.user", "pk": 26, "fields": {"password": "pbkdf2_sha256$260000$LQ4GjUpStbRqaBJnCloNkI$Iw1dfnc4Z2+KY0z4dLqRuhPRvT6/J+B4bzNSLb0UwQ0=", "last_login": "2022-03-10T16:36:01.902Z", "is_superuser": false, "username": "kfc9594@yahoo.com.tw0", "first_name": "", "last_name": "", "email": "kfc9594@yahoo.com.tw", "is_staff": false, "is_active": true, "date_joined": "2021-12-02T07:29:08.775Z", "groups": [], "user_permissions": []}}, {"model": "auth.user", "pk": 29, "fields": {"password": "pbkdf2_sha256$260000$FqbPHXlMKUK1si78sjKvXc$xWsl/2+dKfEP1cuD+88slPLvnQeQJ2zkkIq0mAt20Tg=", "last_login": "2022-03-11T12:49:58.299Z", "is_superuser": false, "username": "kfc9594@yahoo.com.tw2", "first_name": "", "last_name": "", "email": "kfc9594@yahoo.com.tw", "is_staff": false, "is_active": true, "date_joined": "2021-12-02T10:02:31.256Z", "groups": [], "user_permissions": []}}, {"model": "auth.user", "pk": 30, "fields": {"password": "pbkdf2_sha256$260000$MCnZ5UMsZpgmmBJaTeucjI$oZieq/46zTWdvrjqCWdEESEIoX0MV8zHuacsfEwtwpk=", "last_login": "2022-03-02T07:42:06.157Z", "is_superuser": true, "username": "jason959493@gmail.com", "first_name": "", "last_name": "", "email": "jason959493@gmail.com", "is_staff": true, "is_active": true, "date_joined": "2021-12-10T05:56:02.880Z", "groups": [], "user_permissions": []}}, {"model": "auth.user", "pk": 31, "fields": {"password": "pbkdf2_sha256$260000$AYvDfWT6sR4avxKxTEqc7A$UvOQ3L85ERTKDtPBcNXAWxip0NcJ89YTpjiwxvNG1vA=", "last_login": "2022-03-11T15:34:57.245Z", "is_superuser": false, "username": "kfc9594@yahoo.com.tw3", "first_name": "", "last_name": "", "email": "kfc9594@yahoo.com.tw", "is_staff": false, "is_active": true, "date_joined": "2022-02-11T17:35:39.069Z", "groups": [], "user_permissions": []}}, {"model": "auth.user", "pk": 32, "fields": {"password": "pbkdf2_sha256$260000$Np6o8r21BZqId5KZXuqImZ$vqENR/93RYGayBema8MW2FmfKRkCTx2a5Ca9H/6TGi0=", "last_login": "2022-03-11T12:50:50.794Z", "is_superuser": false, "username": "kfc9594@yahoo.com.tw4", "first_name": "", "last_name": "", "email": "kfc9594@yahoo.com.tw", "is_staff": false, "is_active": true, "date_joined": "2022-02-11T17:46:58.220Z", "groups": [], "user_permissions": []}}, {"model": "auth.user", "pk": 33, "fields": {"password": "pbkdf2_sha256$260000$Pxgs1aHUXtKblxtRj53fHF$fqo6FPnKhhYewgjQhmMstxz1zaS3rZWT5TYGlmG7TAQ=", "last_login": "2022-03-11T13:34:02.729Z", "is_superuser": false, "username": "kfc9594@yahoo.com.tw5", "first_name": "", "last_name": "", "email": "kfc9594@yahoo.com.tw", "is_staff": false, "is_active": true, "date_joined": "2022-02-11T17:48:07.999Z", "groups": [], "user_permissions": []}}, {"model": "auth.user", "pk": 35, "fields": {"password": "pbkdf2_sha256$260000$dFDrWn5FTh1WUtwBl88qH1$yKKzV+PoJfalGGD7bGEsvnoQRKROeppSYLYWBI24hd4=", "last_login": "2022-02-12T16:22:21Z", "is_superuser": true, "username": "anonlarp@gmail.com", "first_name": "", "last_name": "", "email": "anonlarp@gmail.com", "is_staff": true, "is_active": true, "date_joined": "2022-02-12T16:20:14Z", "groups": [], "user_permissions": []}}, {"model": "auth.user", "pk": 36, "fields": {"password": "pbkdf2_sha256$260000$GLvvMLyyu9mgCBCxu3y4cy$dVIRj5rKVABhOCvGM7IJyScw39xN0zPoMQOPdPedQe0=", "last_login": "2022-03-11T12:49:35.628Z", "is_superuser": false, "username": "kfc9594@yahoo.com.tw1", "first_name": "", "last_name": "", "email": "kfc9594@yahoo.com.tw", "is_staff": false, "is_active": true, "date_joined": "2022-02-12T16:31:48Z", "groups": [], "user_permissions": []}}, {"model": "auth.user", "pk": 37, "fields": {"password": "pbkdf2_sha256$260000$7CG4lUXiGPKU6V7pq6GvYa$/XUdsPRkLWkWmf5jdxJhfkWADQSuVrMed8kT079ujj0=", "last_login": "2022-02-18T08:16:44.468Z", "is_superuser": false, "username": "b410073114@gmail.com0", "first_name": "", "last_name": "", "email": "b410073114@gmail.com", "is_staff": false, "is_active": true, "date_joined": "2022-02-18T08:13:27.738Z", "groups": [], "user_permissions": []}}, {"model": "auth.user", "pk": 38, "fields": {"password": "pbkdf2_sha256$260000$gCT9TeGk6XZ9wbrKs8bG9f$UVgq8q+P6H7GEi4eOM1e2D3TDG18lBck/1E8Hoo/XCk=", "last_login": "2022-02-20T10:16:51.184Z", "is_superuser": false, "username": "kfc9594@yahoo.com.tw", "first_name": "", "last_name": "", "email": "kfc9594@yahoo.com.tw", "is_staff": false, "is_active": true, "date_joined": "2022-02-20T10:12:55.060Z", "groups": [], "user_permissions": []}}, {"model": "auth.user", "pk": 39, "fields": {"password": "pbkdf2_sha256$260000$rYM2YsOF4g5jlnkSnumivQ$E7gSz6u/cD/XBBRscAxFYz0Y0VYDCUeVSfm3PgXUUlw=", "last_login": "2022-02-20T11:45:52.817Z", "is_superuser": false, "username": "frank0905131702@gmail.com", "first_name": "", "last_name": "", "email": "frank0905131702@gmail.com", "is_staff": false, "is_active": true, "date_joined": "2022-02-20T11:45:16.001Z", "groups": [], "user_permissions": []}}, {"model": "auth.user", "pk": 40, "fields": {"password": "pbkdf2_sha256$260000$At3iq0bHmE6VYch2Zub3F4$BKdCvh94mR+IsgFywepJBPzp2k6xt5kbFLoQgs1HUdo=", "last_login": "2022-02-20T11:46:17.432Z", "is_superuser": false, "username": "changpinyi18@gmail.com", "first_name": "", "last_name": "", "email": "changpinyi18@gmail.com", "is_staff": false, "is_active": true, "date_joined": "2022-02-20T11:45:44.630Z", "groups": [], "user_permissions": []}}, {"model": "auth.user", "pk": 41, "fields": {"password": "pbkdf2_sha256$260000$7wJbY0JhqqZ4AvSj6eNONd$IK5Sglp8x7wvCNh1OU4GWi6A4PPiGKJ1GCkX3HxHD34=", "last_login": "2022-02-20T11:52:47.399Z", "is_superuser": false, "username": "ejo352099@gmail.com", "first_name": "", "last_name": "", "email": "ejo352099@gmail.com", "is_staff": false, "is_active": true, "date_joined": "2022-02-20T11:46:15.859Z", "groups": [], "user_permissions": []}}, {"model": "auth.user", "pk": 42, "fields": {"password": "pbkdf2_sha256$260000$zBgv2fIpqMdLJ2vIwT9suX$/WgEZ0YEiNL4GLXRvQhu5Ru+kKXSqQ6p5+FbI6tGaYU=", "last_login": "2022-02-20T11:47:01.364Z", "is_superuser": false, "username": "ko237841004048@gmail.com", "first_name": "", "last_name": "", "email": "ko237841004048@gmail.com", "is_staff": false, "is_active": true, "date_joined": "2022-02-20T11:46:45.965Z", "groups": [], "user_permissions": []}}, {"model": "auth.user", "pk": 43, "fields": {"password": "pbkdf2_sha256$260000$lEj8WLvWjgHkRbsUkDByDO$/qYyd26bKm8T/OgTFH7zvRwLnqnBkaEmNdr28iDe3DQ=", "last_login": "2022-02-20T11:47:56.910Z", "is_superuser": false, "username": "jingyu_0614@yahoo.com", "first_name": "", "last_name": "", "email": "jingyu_0614@yahoo.com", "is_staff": false, "is_active": true, "date_joined": "2022-02-20T11:47:21.673Z", "groups": [], "user_permissions": []}}, {"model": "auth.user", "pk": 44, "fields": {"password": "pbkdf2_sha256$260000$2q9weFei0yhgFh3EKEeqQn$+BDau1HRTFirvH80YNpVKYz0RsfJXauWC2v07YfCpXA=", "last_login": "2022-02-20T11:50:11.728Z", "is_superuser": false, "username": "david3340534@gmail.com", "first_name": "", "last_name": "", "email": "david3340534@gmail.com", "is_staff": false, "is_active": true, "date_joined": "2022-02-20T11:49:14.926Z", "groups": [], "user_permissions": []}}, {"model": "auth.user", "pk": 45, "fields": {"password": "pbkdf2_sha256$260000$NABYaomuLWC1dZtOV82HKr$l3f1M6oGJVcNvZV4tqptyuFqLAOhFD7AxeZ/BBJNOMk=", "last_login": "2022-02-20T11:50:09.967Z", "is_superuser": false, "username": "ben88111600@gmail.com", "first_name": "", "last_name": "", "email": "ben88111600@gmail.com", "is_staff": false, "is_active": true, "date_joined": "2022-02-20T11:49:52.165Z", "groups": [], "user_permissions": []}}, {"model": "auth.user", "pk": 46, "fields": {"password": "pbkdf2_sha256$260000$aA4Dqcl99H9NhcduJ0rop7$Pb4lr25G28TAXfQhjKAvnb0QCXalltimld9nteoS9Mw=", "last_login": "2022-02-20T11:50:48.526Z", "is_superuser": false, "username": "taogal5278@gmail.com", "first_name": "", "last_name": "", "email": "taogal5278@gmail.com", "is_staff": false, "is_active": true, "date_joined": "2022-02-20T11:50:30.589Z", "groups": [], "user_permissions": []}}, {"model": "auth.user", "pk": 47, "fields": {"password": "pbkdf2_sha256$260000$DlRopDkLqucv14lNvHtHei$aL4nJ6iTOdhwtcxcH9BUZR8gRE2vnClb91VLwp+2WYE=", "last_login": "2022-02-20T11:51:44.416Z", "is_superuser": false, "username": "bade2589tw@gmail.com", "first_name": "", "last_name": "", "email": "bade2589tw@gmail.com", "is_staff": false, "is_active": true, "date_joined": "2022-02-20T11:50:47.716Z", "groups": [], "user_permissions": []}}, {"model": "auth.user", "pk": 48, "fields": {"password": "pbkdf2_sha256$260000$MEpwcypTuPG53KzxuMaeYr$vgimgHbCeKpn/wjiBDyY2B8IfZ76YQizyk9Sqbk0Wvg=", "last_login": "2022-02-20T11:53:19.824Z", "is_superuser": false, "username": "hood951753@hotmail.com", "first_name": "", "last_name": "", "email": "hood951753@hotmail.com", "is_staff": false, "is_active": true, "date_joined": "2022-02-20T11:53:05.703Z", "groups": [], "user_permissions": []}}, {"model": "auth.user", "pk": 49, "fields": {"password": "pbkdf2_sha256$260000$pOgSjbamqUUJLxQ9KiiXho$ky3A+PP86bGcy+6O2i/qjGFL87cSHlBu/BN124WcRm0=", "last_login": null, "is_superuser": false, "username": "jjj_851105@yahoo.com.tw", "first_name": "", "last_name": "", "email": "jjj_851105@yahoo.com.tw", "is_staff": false, "is_active": false, "date_joined": "2022-02-20T11:54:02.745Z", "groups": [], "user_permissions": []}}, {"model": "auth.user", "pk": 50, "fields": {"password": "pbkdf2_sha256$260000$qD6kVlIRNRzxUZix5oFLEr$zkGx0FxswZjWaZu7+H5q3jzYrAQ2UAUbUnnU4iKjA7c=", "last_login": null, "is_superuser": false, "username": "richard7130@gmail.com", "first_name": "", "last_name": "", "email": "richard7130@gmail.com", "is_staff": false, "is_active": false, "date_joined": "2022-02-20T11:54:36.223Z", "groups": [], "user_permissions": []}}, {"model": "auth.user", "pk": 51, "fields": {"password": "pbkdf2_sha256$260000$FKOrUwpBuga8xhA382Z42I$R8QUHpVLoAMZHeobZcEsQ8mAXI3zmhSJT+zy+0mRko0=", "last_login": "2022-02-20T11:55:20.092Z", "is_superuser": false, "username": "linzihao1105@gmail.com", "first_name": "", "last_name": "", "email": "linzihao1105@gmail.com", "is_staff": false, "is_active": true, "date_joined": "2022-02-20T11:54:56.880Z", "groups": [], "user_permissions": []}}, {"model": "auth.user", "pk": 52, "fields": {"password": "pbkdf2_sha256$260000$UqNEqRyPYEaGd0QneMTefU$OxoXIkLJeivM7LCT2j9MbwpxdtnG3qSfhXIAcCn1Hsg=", "last_login": "2022-02-20T11:57:52.251Z", "is_superuser": false, "username": "jim540624@yahoo.com.tw", "first_name": "", "last_name": "", "email": "jim540624@yahoo.com.tw", "is_staff": false, "is_active": true, "date_joined": "2022-02-20T11:57:08.207Z", "groups": [], "user_permissions": []}}, {"model": "auth.user", "pk": 53, "fields": {"password": "pbkdf2_sha256$260000$5xywVxephvj0IG3ktSry9b$khDTWg5ZHL/lZCd6tKjDlhNRpye0BKHDdGxDfBek29U=", "last_login": "2022-02-20T11:58:36.013Z", "is_superuser": false, "username": "cabi0604@icloud.com", "first_name": "", "last_name": "", "email": "cabi0604@icloud.com", "is_staff": false, "is_active": true, "date_joined": "2022-02-20T11:58:17.359Z", "groups": [], "user_permissions": []}}, {"model": "auth.user", "pk": 54, "fields": {"password": "pbkdf2_sha256$260000$4uHOKtUOIboFkVwwtGZ1LP$cXh6lntiKRwQCHLnJt7gO31Y2Io6uXQlwXgHaJmuiDQ=", "last_login": "2022-02-20T12:11:33.315Z", "is_superuser": false, "username": "high001247@icloud.com", "first_name": "", "last_name": "", "email": "high001247@icloud.com", "is_staff": false, "is_active": true, "date_joined": "2022-02-20T12:11:16.996Z", "groups": [], "user_permissions": []}}, {"model": "auth.user", "pk": 55, "fields": {"password": "pbkdf2_sha256$260000$qxvONXV66iWIhreb41ZMtt$iN283nUzLazJJo3mnLITNKprETCLlMCVmm07qwjMYgY=", "last_login": null, "is_superuser": false, "username": "tts70232@gmail.com", "first_name": "", "last_name": "", "email": "tts70232@gmail.com", "is_staff": false, "is_active": false, "date_joined": "2022-02-20T13:28:59.095Z", "groups": [], "user_permissions": []}}, {"model": "auth.user", "pk": 56, "fields": {"password": "pbkdf2_sha256$260000$cnmuhT7EuMQWrdsqKepa2g$x9q4OEGGQw/3UPvhu2PRqL6Aty6WMTBG4mIdBXcuOdA=", "last_login": "2022-02-20T13:32:40.038Z", "is_superuser": false, "username": "fsaemucoamjiekusdm@bvhrs.com", "first_name": "", "last_name": "", "email": "fsaemucoamjiekusdm@bvhrs.com", "is_staff": false, "is_active": true, "date_joined": "2022-02-20T13:30:51.052Z", "groups": [], "user_permissions": []}}, {"model": "auth.user", "pk": 57, "fields": {"password": "pbkdf2_sha256$260000$nmmpPpKOgSpdgcL122v7SF$h5tCRLd2F2rx/DYKt058iG0VwEX8OX1ZWW4Ej+ltcVA=", "last_login": "2022-02-20T13:53:06.926Z", "is_superuser": false, "username": "qazwer891007@gmail.com", "first_name": "", "last_name": "", "email": "qazwer891007@gmail.com", "is_staff": false, "is_active": true, "date_joined": "2022-02-20T13:52:49.453Z", "groups": [], "user_permissions": []}}, {"model": "auth.user", "pk": 58, "fields": {"password": "pbkdf2_sha256$260000$XzhX2uTVItSaN2vbRG46Sq$obrX9VCQySoFlm3uhuooKtJpWXLK5vCN9nwrP88zoww=", "last_login": "2022-02-20T14:00:45.438Z", "is_superuser": false, "username": "vgeternalrain@gmail.com", "first_name": "", "last_name": "", "email": "vgeternalrain@gmail.com", "is_staff": false, "is_active": true, "date_joined": "2022-02-20T14:00:31.858Z", "groups": [], "user_permissions": []}}, {"model": "auth.user", "pk": 59, "fields": {"password": "pbkdf2_sha256$260000$1Ei2XhnstvSyeyEwe1DlCo$UILWmpujk6zkCMepe6Jg7k+SkQVQxcsRCX+/rKyUrgI=", "last_login": "2022-02-20T14:07:35.341Z", "is_superuser": false, "username": "kevin19850313@me.com", "first_name": "", "last_name": "", "email": "kevin19850313@me.com", "is_staff": false, "is_active": true, "date_joined": "2022-02-20T14:07:22.084Z", "groups": [], "user_permissions": []}}, {"model": "auth.user", "pk": 60, "fields": {"password": "pbkdf2_sha256$260000$iv7vsQQ7c5uU246ZBCDCnL$4vqtB9d/X46ysSrVaqnnPTI5SpW12Bpt+Sx71uXnhzc=", "last_login": "2022-02-24T13:19:45.893Z", "is_superuser": false, "username": "w99772002@gmail.com", "first_name": "", "last_name": "", "email": "w99772002@gmail.com", "is_staff": false, "is_active": true, "date_joined": "2022-02-24T11:42:16.664Z", "groups": [], "user_permissions": []}}, {"model": "contenttypes.contenttype", "pk": 1, "fields": {"app_label": "admin", "model": "logentry"}}, {"model": "contenttypes.contenttype", "pk": 2, "fields": {"app_label": "auth", "model": "permission"}}, {"model": "contenttypes.contenttype", "pk": 3, "fields": {"app_label": "auth", "model": "group"}}, {"model": "contenttypes.contenttype", "pk": 4, "fields": {"app_label": "auth", "model": "user"}}, {"model": "contenttypes.contenttype", "pk": 5, "fields": {"app_label": "contenttypes", "model": "contenttype"}}, {"model": "contenttypes.contenttype", "pk": 6, "fields": {"app_label": "sessions", "model": "session"}}, {"model": "contenttypes.contenttype", "pk": 7, "fields": {"app_label": "chat", "model": "question"}}, {"model": "contenttypes.contenttype", "pk": 8, "fields": {"app_label": "chat", "model": "room"}}, {"model": "contenttypes.contenttype", "pk": 9, "fields": {"app_label": "chat", "model": "player"}}, {"model": "contenttypes.contenttype", "pk": 10, "fields": {"app_label": "chat", "model": "photo"}}, {"model": "contenttypes.contenttype", "pk": 11, "fields": {"app_label": "chat", "model": "school"}}, {"model": "contenttypes.contenttype", "pk": 12, "fields": {"app_label": "chat", "model": "dialogue"}}, {"model": "contenttypes.contenttype", "pk": 13, "fields": {"app_label": "chat", "model": "robot"}}, {"model": "contenttypes.contenttype", "pk": 14, "fields": {"app_label": "chat", "model": "game"}}, {"model": "contenttypes.contenttype", "pk": 15, "fields": {"app_label": "chat", "model": "gamerole"}}, {"model": "contenttypes.contenttype", "pk": 16, "fields": {"app_label": "chat", "model": "gameevent"}}, {"model": "contenttypes.contenttype", "pk": 17, "fields": {"app_label": "chat", "model": "match"}}, {"model": "contenttypes.contenttype", "pk": 18, "fields": {"app_label": "chat", "model": "city"}}, {"model": "sessions.session", "pk": "1lysu26e0z81vdjsdlpqbh1gnc10hv39", "fields": {"session_data": ".eJxVjDsOwyAQRO9CHSGC-aZMnzMgll2CkwgkY1dR7h5bcmFXI817M18W4jKXsHSawojsxrRil2MJMb2pbgRfsT4bT63O0wh8U_hOO380pM99d08HJfayrgFF9hKtJECV6OrAAxKBy17QgEYbrSCjHcwa2ZFCUNIJTUZYa3Jivz9GDjlD:1nLl3t:UvG1-CD7mBHyRhIEH6wuT7kgnuaiZ-X2AP3abJrSyGo", "expire_date": "2022-03-06T12:11:33.323Z"}}, {"model": "sessions.session", "pk": "34bekhrptxylbqn64f2b513xrw5ad5as", "fields": {"session_data": ".eJxVjEEOwiAQRe_C2hBgoHRcuu8ZyAygVA0kpV0Z765NutDtf-_9lwi0rSVsPS9hTuIsQInT78gUH7nuJN2p3pqMra7LzHJX5EG7nFrKz8vh_h0U6uVbR6RIFpmVZhxwMMAJPDt2yqnRGc_gSGuHGS1YxvGKWQEYnRMkVF68P_o4N0Q:1nLeUT:ZHqxMQQ9-_WWy281a0_emgwfov-YStuGSleVRqGm89Y", "expire_date": "2022-03-06T05:10:33.156Z"}}, {"model": "sessions.session", "pk": "37suwc16egfjl9z0l5q1it9a031hog71", "fields": {"session_data": ".eJxVjMsOwiAUBf-FtSHcAgVcuvcbCAcuUjVt0sfK-O_apAvdnpk5LxHTtra4LTzHoYizsCROvyNSfvC4k3JP422SeRrXeYDcFXnQRV6nws_L4f4dtLS0b521KY5zJg1ygCcFw15TR9aqAAoa1leg9hQQqja5Y4aBUVSpd514fwAKcTfy:1nLkoC:JhAQtRXUEmhhZDX6NJfluKhPHRjbka_vOAoGhmcDLCU", "expire_date": "2022-03-06T11:55:20.100Z"}}, {"model": "sessions.session", "pk": "3ykb6myeezfznvb0cmw57wu1ky9n3110", "fields": {"session_data": ".eJxVjEEOwiAQRe_C2hBgoHRcuu8ZyAygVA0kpV0Z765NutDtf-_9lwi0rSVsPS9hTuIsQInT78gUH7nuJN2p3pqMra7LzHJX5EG7nFrKz8vh_h0U6uVbR6RIFpmVZhxwMMAJPDt2yqnRGc_gSGuHGS1YxvGKWQEYnRMkVF68P_o4N0Q:1nJX3r:Slsb8RQq_rXuejgzO4jPNGRfNcnhIBS_Tb9uvxjGKPY", "expire_date": "2022-02-28T08:50:19.716Z"}}, {"model": "sessions.session", "pk": "4qkx4zsbkdhtf8no2cz62mvk8ar3xtm2", "fields": {"session_data": ".eJxVjEsOwiAUAO_C2pDyytel-56BPOAhVQNJaVfGuxuSLnQ7M5k383jsxR-dNr8mdmXSsMsvDBifVIdJD6z3xmOr-7YGPhJ-2s6Xluh1O9u_QcFexldYsEbjrJLSc57QweyEAJgo60TBKIghuowRJGVjrBQoIQNm7RSQYp8v7GI3sQ:1nLkki:TWxUReDmFFOkx8hmw25Enmzf7eNCKlPWbfSfkK5tkDg", "expire_date": "2022-03-06T11:51:44.425Z"}}, {"model": "sessions.session", "pk": "6aqfzmbk72l72zxtvgefgwuaak7j1g4c", "fields": {"session_data": ".eJxVjDsOwjAQBe_iGlk2WX-Wkj5niNbeNQ4gR8qnQtwdIqWA9s3Me6mBtrUO2yLzMLK6KAB1-h0T5Ye0nfCd2m3SeWrrPCa9K_qgi-4nluf1cP8OKi31W1vGbBK7zBh9iY6iN4g2OPASOFhInZRswSBQFguxOGKxZ3SuQ49GvT8GSTeW:1nLkjD:utVVvgnFQ_DwmR8Da4LryMuN247qoeTAo7RiQERiV_0", "expire_date": "2022-03-06T11:50:11.735Z"}}, {"model": "sessions.session", "pk": "7uc2ma2h4z2hctoq9dub9tdv7xjqu6d1", "fields": {"session_data": ".eJxVjEEOwiAQRe_C2hBgoHRcuu8ZyAygVA0kpV0Z765NutDtf-_9lwi0rSVsPS9hTuIsQInT78gUH7nuJN2p3pqMra7LzHJX5EG7nFrKz8vh_h0U6uVbR6RIFpmVZhxwMMAJPDt2yqnRGc_gSGuHGS1YxvGKWQEYnRMkVF68P_o4N0Q:1nIbJF:ne8qTITfcUZ6NU45Z-SMmcRHBCGsAwtCBuOoCBR6NTk", "expire_date": "2022-02-25T19:10:21.786Z"}}, {"model": "sessions.session", "pk": "807egeccvbhz0v4jc9gym6rsaaroeyma", "fields": {"session_data": ".eJxVjDsOwjAQBe_iGll2vP6Ekp4zWLvZDQ6gWIqTCnF3iJQC2jcz76UybmvJW5MlT6zOyvXq9DsSDg-Zd8J3nG9VD3Vel4n0ruiDNn2tLM_L4f4dFGzlW4tJTJbYomMy0SfDvo-j8cDSgVhKLjF0BCihD0MEH9GSBXAdhQSjen8AEtA31A:1nLkf2:En-cI6R7Jl-Au2DvENet0CXYdJhkmIimTjhv4TkwPdo", "expire_date": "2022-03-06T11:45:52.826Z"}}, {"model": "sessions.session", "pk": "90qk8iyens1w003bpe98z8v16ireluxp", "fields": {"session_data": ".eJxVjMsOwiAQRf-FtSEwHSC4dO83kBkeUjWQlHZl_Hdt0oVu7znnvkSgba1hG3kJcxJnYbw4_Y5M8ZHbTtKd2q3L2Nu6zCx3RR50yGtP-Xk53L-DSqN-a10cJ21QWQcZS0GdNXJSHlIpBqw1gDwBK2BE5YBU8d7bSMbDxOTE-wP61jdx:1nLmsB:9c5aX62e0yGfxUcLvi5xkqoRzsougjiIt9hVL3tQ2Rk", "expire_date": "2022-03-06T14:07:35.349Z"}}, {"model": "sessions.session", "pk": "bhjwedwen2mav09lrhm22835ltmoc7or", "fields": {"session_data": ".eJxVjEsOwjAMBe-SNYpct04bluw5Q2XHDimgVupnhbg7VOoCtm9m3sv1vK2l3xab-0Hd2dWVO_2Owulh4070zuNt8mka13kQvyv-oIu_TmrPy-H-HRReyreGEIkQA6NoNGkUcte1GaQBrbitxRQNKwTNDbQdYY6kxAgpBdVA7v0B_EM39w:1nShI9:D9EpC7p0K4lks5PO9vNoMRvbDzw7rBY05BfphuMWEzc", "expire_date": "2022-03-25T15:34:57.331Z"}}, {"model": "sessions.session", "pk": "bx54x0n65c5hnfba04rumsf0bavt2u1l", "fields": {"session_data": ".eJxVjDEOwjAMRe-SGUU4tpPCyM4ZKsdJSAG1UtNOiLtDpQ6w_vfef5le1qX2a8tzPyRzNhzM4XeMoo88biTdZbxNVqdxmYdoN8XutNnrlPLzsrt_B1Va_dYoxUEWjkLEiBocYNBMqWjsGIAidnSMxEW9-uIRmAnUndCDyz6Y9wcIaTdq:1nLmeA:qX9GtUT8Qkst-gJ87Nv2KCWVBTg1SCroNRniOjLu57g", "expire_date": "2022-03-06T13:53:06.938Z"}}, {"model": "sessions.session", "pk": "cv3tweowi85rxkzc4ggyeaq4imvobo39", "fields": {"session_data": ".eJxVjMsOwiAQRf-FtSG8GVy69xvIwIBUDU1KuzL-uzbpQrf3nHNfLOK2triNssSJ2JkZxU6_Y8L8KH0ndMd-m3me-7pMie8KP-jg15nK83K4fwcNR_vWWYmEHoqRvsqKQFUGHaSoVRVIwqEBsBaD1IRSaHQBha6ALpF1xnn2_gALmjfV:1nLkg9:wiarva7PWrN5TtBa6tD-NWE3SnBBR9DXnRV0OLA9xTs", "expire_date": "2022-03-06T11:47:01.374Z"}}, {"model": "sessions.session", "pk": "da5tgorl4dcuanzs4hm63hzviycwy80m", "fields": {"session_data": ".eJxVjEEOwiAQAP_C2RCwS9h69O4byMIuUjWQlPZk_Lsh6UGvM5N5q0D7VsLeZQ0Lq4uavDr9wkjpKXUYflC9N51a3dYl6pHow3Z9ayyv69H-DQr1Mr6JLBIBOMwE6D0YNMk4Hw0SI4PPNqO1YCZ3FkmcLSfrcJZJIsyiPl_9KjgL:1nKyRY:6XUbpL4bihWPD7IoMUXXhrBe9mrSxaW7i7_2jW2NB1g", "expire_date": "2022-03-04T08:16:44.476Z"}}, {"model": "sessions.session", "pk": "faocg19h14pg2l2n5dano2ivvibk8nv6", "fields": {"session_data": ".eJxVjMsOwiAQRf-FtSHhNYBL934DYZhRqgaS0q4a_12bdKHbe865m0h5XWpaB89pInEWzojT74i5PLnthB653bssvS3zhHJX5EGHvHbi1-Vw_w5qHvVbF6O90kHbkgGchRvEGCl4Q94Vci4zcMGo0NgImg2GiIrAacWkCb14fwDucjfD:1nLkrM:5D_NJSgkyhsMhHoqJvPDtXStkcgDxeMPePJUP5LqELM", "expire_date": "2022-03-06T11:58:36.022Z"}}, {"model": "sessions.session", "pk": "id2rrbhy3o5x0hs2cj1g67mmtt6uxpg5", "fields": {"session_data": ".eJxVjEEOwiAQRe_C2hBgoHRcuu8ZyAygVA0kpV0Z765NutDtf-_9lwi0rSVsPS9hTuIsQInT78gUH7nuJN2p3pqMra7LzHJX5EG7nFrKz8vh_h0U6uVbR6RIFpmVZhxwMMAJPDt2yqnRGc_gSGuHGS1YxvGKWQEYnRMkVF68P_o4N0Q:1nN9V0:3pDfQKq21mrJKN9-wrIFSs7KnM-_0IZo0XfxihFm19o", "expire_date": "2022-03-10T08:29:18.519Z"}}, {"model": "sessions.session", "pk": "iuzrl8z1lsjwvkqb64coq55lc4a6ipkg", "fields": {"session_data": ".eJxVjDsOwjAQBe_iGlk2a_yhpOcM1nrXiwMokeKkQtwdIqWA9s3Me6mM69Ly2uucB1Zn5UAdfseC9KjjRviO423SNI3LPBS9KXqnXV8nrs_L7v4dNOztWwsLU3UnOBKEJByDdR6M8RJcAiPWEJNJkawHCJTA1xLQCCeBiEjq_QEM1jhD:1nLkh2:q2tucpXkOd7MK0IJg8Ex-J7GHtI517bQA4QumUTVST0", "expire_date": "2022-03-06T11:47:56.917Z"}}, {"model": "sessions.session", "pk": "jveesblfixnt3d74fsj6x9qf80y87kc5", "fields": {"session_data": ".eJxVjEEOgjAQRe_StWkYZuhMXbr3DM2UtoIaSCisjHdXEha6_e-9_zJBt3UIW81LGJM5GxRz-h2j9o887STddbrNtp-ndRmj3RV70Gqvc8rPy-H-HQxah2_dteQcMHhhaT2KkIIqE5QSHXUtOqTCjK4jHx0LQMk5eSHgpkkFzfsDu6k2Tg:1nLjGt:arLCU9Ec8QKD0p5v5xdIheqoCJun6HCF1aC2jy7O1s8", "expire_date": "2022-03-06T10:16:51.192Z"}}, {"model": "sessions.session", "pk": "l8szjqq0hg8ijhkco9baoih3c189acsh", "fields": {"session_data": ".eJxVjMsOgjAUBf-la9O0XNqiS_d8Q9P7EtRAQmFl_HclYaHbMzPnZXLZ1iFvVZY8srkYiOb0O2Khh0w74XuZbrOleVqXEe2u2INW288sz-vh_h0MpQ7fWkFZOXXBQdtCQ03yTgIHjCmgSy16TQ4kAhf1kZBE_Jmpi6qEsUnm_QENCTib:1nSei7:dbEs0YU0C9kC3Q1JWI9SuOB7Zz8ds7nSBKnwcAj5TzQ", "expire_date": "2022-03-25T12:49:35.737Z"}}, {"model": "sessions.session", "pk": "mpc9zytymrt1fkd8617lpyhrx5rphede", "fields": {"session_data": ".eJxVjDsOwjAQBe_iGln-fyjpOYO1u7ZxADlSnFSIu0OkFNC-mXkvlmBbW9pGWdKU2ZmZwE6_IwI9St9JvkO_zZzmvi4T8l3hBx38OufyvBzu30GD0b61czmgAqOFRADQ3kpwMapSpPLobRQgsJLxxQJh1ehzcNUSkQ4uELL3BxI8OMU:1nLkmF:75cR5EMEGKJUXZwPtp4TrhnQZq-LRXL2ERtvdUgNw48", "expire_date": "2022-03-06T11:53:19.832Z"}}, {"model": "sessions.session", "pk": "mzyplc3sn15g23ebirai5ja4655pwr09", "fields": {"session_data": ".eJxVjMsOwiAQRf-FtSEMjwIu3fsNZGBAqgaS0q6M_65NutDtPefcFwu4rTVsIy9hJnZmWrDT7xgxPXLbCd2x3TpPva3LHPmu8IMOfu2Un5fD_TuoOOq3jh6gOJlFmrQD77RGBLTWR4AJUWDJViklDVnhFUmLGYqxhSJGAqPZ-wP0hTf1:1nLkfR:u2xoQcwsHtK4RDiF9mjalMJUlDxKTstJ1oAVJjzf2aw", "expire_date": "2022-03-06T11:46:17.442Z"}}, {"model": "sessions.session", "pk": "n1u97k29khgzenmkpw4c0d514d0bsduq", "fields": {"session_data": ".eJxVjEEOgjAQRe_StWlGmHaKS_ecgQydqaCmTSisjHdXEha6_e-9_zIDb-s0bFWXYRZzMejN6XccOT4070TunG_FxpLXZR7trtiDVtsX0ef1cP8OJq7Tt-YAAZwy-VYAEkkTIyJ4lKTnQCoykgI79Nhi4EROUnCxTQpd01Bn3h8NlDgW:1nLkjo:szQ9_qvqaiSl9rhFY4VjmsDzT4Q4K0hzAHLZLHrz1r4", "expire_date": "2022-03-06T11:50:48.533Z"}}, {"model": "sessions.session", "pk": "o14g382f8vlqnknfev8tuzvi9yoqbhn9", "fields": {"session_data": ".eJxVjEEOwiAQAP_C2RBYCi4evfuGZoFFqgaS0p6MfzckPeh1ZjJvMdO-lXnvvM5LEhfhlDj9wkDxyXWY9KB6bzK2uq1LkCORh-3y1hK_rkf7NyjUy_hmpViDwmgcTu7MQac8GQ8QXbDJgffsEFFnJgsQLBvvjSWkbCNoKz5f6n83WQ:1nNE25:JHAaAVJZSuTGhqrEjWEELyzxrcdgorjpPO_k_YxkrTo", "expire_date": "2022-03-10T13:19:45.899Z"}}, {"model": "sessions.session", "pk": "qafskc0io1tkb59g8dh6cm4xj6shdcwf", "fields": {"session_data": ".eJxVjEEOwiAQRe_C2hBgoFNcuu8ZmgEGqRpISrsy3t006UK3_73332KmfSvz3nmdlySuwmpx-R0DxSfXg6QH1XuTsdVtXYI8FHnSLqeW-HU73b-DQr0cNZCKHiIkMMZbjYBscABgDBYRBpe8wkCUWTlNCp3PlMccrGMdRys-X-0ZN6o:1nLklj:L_H2ruDYtkWpJzlVSjirpxzM3FMlC1pPcrTRZ0hkUyY", "expire_date": "2022-03-06T11:52:47.407Z"}}, {"model": "sessions.session", "pk": "r4hnoy65pkitc3gksoacye3a0llyqjeb", "fields": {"session_data": ".eJxVjEEOwiAQRe_C2hDoUIa6dO8ZCAODVA0kpV0Z765NutDtf-_9l_BhW4vfOi9-TuIsYBCn35FCfHDdSbqHemsytrouM8ldkQft8toSPy-H-3dQQi_fWlkIzmlIaDMBsWU9GRzZjEZBRoyQOEPEqHJMNOmsUSvKA4E1DA7F-wMBwTgN:1nSejK:bFUZsrhHLKAliEnKTXRoPafovRv8tkU1EnNBNW4MpxY", "expire_date": "2022-03-25T12:50:50.893Z"}}, {"model": "sessions.session", "pk": "rd87ne6sgzevw9wmg6ltxi2tfnyacjgp", "fields": {"session_data": ".eJxVjMsOwiAQRf-FtSEDBJi6dO83EGAutmrapI-V8d-1SRe6veec-1Ipb2uftgVzGkSdlbfq9DuWXB8YdyL3PN4mXadxnYeid0UfdNHXSfC8HO7fQZ-X_lsHYzpIbSyOuQSyEc1mwFENoRWLxq4wBI0sIrmOioFnHyJIKmX1_gAk5zjM:1nLkqe:VnBWJlArxhL20t4tELSXHoCRIdWcAKQAhvjSWOgVLQw", "expire_date": "2022-03-06T11:57:52.262Z"}}, {"model": "sessions.session", "pk": "rzwige9shvum7w3tk9s7knx7xos2woq8", "fields": {"session_data": ".eJxVjEEOgjAQRe_StWk6lFbGpXvO0Mx0poIaSCisjHdXEha6_e-9_zKJtnVIW9UljWIuxntz-h2Z8kOnncidptts8zyty8h2V-xBq-1n0ef1cP8OBqrDtw4QOhfakCOQnMV5wuJJtUEXPaDrIgB0BKVlzAxIrKhS2MXCmqUx7w_tkThZ:1nSfP8:pRf7rPc5K_X5HFYGzKx4xbz3RV-iL8DelzoYfQG8Xv4", "expire_date": "2022-03-25T13:34:02.809Z"}}, {"model": "sessions.session", "pk": "uyqlupehfh7gbe76q3892z3uwj9t93ou", "fields": {"session_data": ".eJxVjEEOwiAQRe_C2hAohQ4u3fcMZIYBqRqalHZlvLtt0oVu_3vvv0XAbS1ha2kJE4ursCAuvyNhfKZ6EH5gvc8yznVdJpKHIk_a5Dhzet1O9--gYCt73WM3RHbZgGE7gNNZdZytAU1aK-UTI0eC3UH2kImys96zcbm35BnE5wsVmji2:1nLmlZ:NCkPCIYpeHBK-yHNSSC0VKtfOWZbQZP1TT356WQp7l8", "expire_date": "2022-03-06T14:00:45.451Z"}}, {"model": "sessions.session", "pk": "whkvnb4hxszf5fk78d2gdic29xbfmu35", "fields": {"session_data": ".eJxVjMsOwiAQRf-FtSEDFIZx6d5vIDylaiAp7cr479qkC93ec859Mee3tbpt5MXNiZ2ZJHb6HYOPj9x2ku6-3TqPva3LHPiu8IMOfu0pPy-H-3dQ_ajfWptYjCS0gixiyhBKIdIEWgmFaRKKDJAlGRFVFDF4C8Uao6eMngDY-wPdJDa7:1nSeiU:mY_5F-iOeR_MxUUjetlOh9ifuA24EwtPme9i7lwh9uI", "expire_date": "2022-03-25T12:49:58.378Z"}}, {"model": "sessions.session", "pk": "x2dw5dlkmysngjuuoge0u1euevsv7lzu", "fields": {"session_data": ".eJxVjEEOwiAQRe_C2hBgoHRcuu8ZyAygVA0kpV0Z765NutDtf-_9lwi0rSVsPS9hTuIsQInT78gUH7nuJN2p3pqMra7LzHJX5EG7nFrKz8vh_h0U6uVbR6RIFpmVZhxwMMAJPDt2yqnRGc_gSGuHGS1YxvGKWQEYnRMkVF68P_o4N0Q:1nPJcc:lhbbii-BYzzGU3moWevVLw-KCUicmeb9uF9k1qY37bc", "expire_date": "2022-03-16T07:42:06.160Z"}}, {"model": "sessions.session", "pk": "y5m0xgqx6dyoadrimml19l6odqtcyxxf", "fields": {"session_data": ".eJxVjMsOwiAQRf-FtSEwgB1cuu83NMMMSNXQpI-V8d-1SRe6veec-1IDbWsdtiXPwyjqonxQp98xET9y24ncqd0mzVNb5zHpXdEHXXQ_SX5eD_fvoNJSvzWjEeyAnBMjhWMCsiU6CDkbQE9wDgUNeSiuYGJrY4eR2UdAKTYk9f4ADSA4Dg:1nLkjB:IYoitZ4IDB-qm13TbwvYF81kYqbjbgWh3twwE786D28", "expire_date": "2022-03-06T11:50:09.976Z"}}, {"model": "sessions.session", "pk": "yqv5wgfrr8t4462kxgodv1h7phkbolat", "fields": {"session_data": ".eJxVjDsOwjAQBe_iGlmL_6akzxms3bWNAyiR4qRC3B0ipYD2zcx7iYTb2tLWy5LGLC7COnH6HQn5Uaad5DtOt1nyPK3LSHJX5EG7HOZcntfD_Tto2Nu3rgYBLWYAr8ljYCre1Vqd4qptMFhAB8MxQiQVFOviDMVAlpWCcAbx_gAixzgH:1nLmKO:KTo1gCFELzMmv7G0sdKAQBaV4ZFNMaiUDOWiL6h4ezA", "expire_date": "2022-03-06T13:32:40.046Z"}}, {"model": "chat.player", "pk": "119ba859-3d51-4dad-9737-8862b1b576f7", "fields": {"create_date": "2022-02-11T17:46:58.354Z", "name": "Rest", "imgUrl_adult": null, "status": 0, "isBanned": false, "city": "New_Taipei", "room": null, "match": null, "user": 32, "gender": "m", "isAdult": true, "isHetero": true, "game": "male_or_female", "waiting_time": null, "isPrepared": false, "isOn": false, "tag_int": null, "tag_json": null}}, {"model": "chat.player", "pk": "28a4deec-83d1-4f52-a613-6dbf70ebbb3c", "fields": {"create_date": "2022-02-24T11:42:16Z", "name": "習近平", "imgUrl_adult": null, "status": 0, "isBanned": false, "city": "Taipei", "room": null, "match": null, "user": 60, "gender": "f", "isAdult": true, "isHetero": true, "game": "graduate_girl", "waiting_time": null, "isPrepared": false, "isOn": false, "tag_int": null, "tag_json": null}}, {"model": "chat.player", "pk": "2a9d5f74-f5e0-487b-9457-d01c64985614", "fields": {"create_date": "2022-02-20T11:54:36.414Z", "name": "取個暱稱吧", "imgUrl_adult": null, "status": 0, "isBanned": false, "city": "Taoyuan", "room": null, "match": null, "user": 50, "gender": "m", "isAdult": true, "isHetero": true, "game": null, "waiting_time": null, "isPrepared": false, "isOn": false, "tag_int": null, "tag_json": null}}, {"model": "chat.player", "pk": "2acdc0da-1f3f-479f-8486-1d5efca4a54c", "fields": {"create_date": "2022-02-20T11:54:02.939Z", "name": "取個暱稱吧", "imgUrl_adult": null, "status": 0, "isBanned": false, "city": "Taipei", "room": null, "match": null, "user": 49, "gender": "m", "isAdult": true, "isHetero": true, "game": null, "waiting_time": null, "isPrepared": false, "isOn": false, "tag_int": null, "tag_json": null}}, {"model": "chat.player", "pk": "2fa45349-a749-4ccc-843a-bf690fa544ee", "fields": {"create_date": "2021-12-02T10:02:31Z", "name": "kfc9594@2", "imgUrl_adult": null, "status": 0, "isBanned": false, "city": "New_Taipei", "room": null, "match": null, "user": 29, "gender": "m", "isAdult": true, "isHetero": true, "game": "male_or_female", "waiting_time": null, "isPrepared": false, "isOn": false, "tag_int": null, "tag_json": null}}, {"model": "chat.player", "pk": "48b0a30d-1b92-42d3-a463-b3de13b29917", "fields": {"create_date": "2022-02-12T16:20:15.048Z", "name": "管理員", "imgUrl_adult": null, "status": 0, "isBanned": false, "city": "Tainan", "room": null, "match": null, "user": 35, "gender": "m", "isAdult": true, "isHetero": true, "game": null, "waiting_time": null, "isPrepared": false, "isOn": false, "tag_int": null, "tag_json": null}}, {"model": "chat.player", "pk": "508824b7-9b48-4802-aefe-c126f34e2ffd", "fields": {"create_date": "2022-02-18T08:13:28Z", "name": "我有一條大岩蛇", "imgUrl_adult": null, "status": 0, "isBanned": false, "city": "Orchid_Island", "room": null, "match": null, "user": 37, "gender": "f", "isAdult": true, "isHetero": true, "game": "graduate_girl", "waiting_time": null, "isPrepared": false, "isOn": false, "tag_int": null, "tag_json": null}}, {"model": "chat.player", "pk": "69ecc7b1-d499-492b-8cd1-a212d33dcf29", "fields": {"create_date": "2022-02-20T11:58:17.548Z", "name": "波吉王子", "imgUrl_adult": null, "status": 1, "isBanned": false, "city": "Hsinchu", "room": null, "match": null, "user": 53, "gender": "m", "isAdult": true, "isHetero": true, "game": "graduate_girl", "waiting_time": null, "isPrepared": false, "isOn": false, "tag_int": null, "tag_json": null}}, {"model": "chat.player", "pk": "6b563d2b-1bdf-4d72-a4a6-66cef8386440", "fields": {"create_date": "2022-02-11T17:35:39.206Z", "name": "kfc3", "imgUrl_adult": null, "status": 0, "isBanned": false, "city": "Miaoli", "room": null, "match": null, "user": 31, "gender": "m", "isAdult": true, "isHetero": true, "game": "male_or_female", "waiting_time": null, "isPrepared": false, "isOn": false, "tag_int": null, "tag_json": null}}, {"model": "chat.player", "pk": "6fc5ad99-853f-4ff4-be2a-77dc71adae6f", "fields": {"create_date": "2022-02-20T10:12:55.257Z", "name": "Rest", "imgUrl_adult": null, "status": 0, "isBanned": false, "city": "New_Taipei", "room": null, "match": null, "user": 38, "gender": "m", "isAdult": true, "isHetero": true, "game": "graduate_girl", "waiting_time": null, "isPrepared": false, "isOn": false, "tag_int": null, "tag_json": null}}, {"model": "chat.player", "pk": "7e66e7be-a3d6-4fc4-aaef-9fd4d0ae5dde", "fields": {"create_date": "2022-02-20T13:28:59.284Z", "name": "取個暱稱吧", "imgUrl_adult": null, "status": 0, "isBanned": false, "city": "Taipei", "room": null, "match": null, "user": 55, "gender": "m", "isAdult": true, "isHetero": true, "game": null, "waiting_time": null, "isPrepared": false, "isOn": false, "tag_int": null, "tag_json": null}}, {"model": "chat.player", "pk": "84479d45-ab16-44a2-b57b-59a0812141d2", "fields": {"create_date": "2022-02-20T11:49:15.117Z", "name": "小馮", "imgUrl_adult": null, "status": 1, "isBanned": false, "city": "Kaohsiung", "room": null, "match": null, "user": 44, "gender": "m", "isAdult": true, "isHetero": true, "game": "graduate_girl", "waiting_time": null, "isPrepared": false, "isOn": false, "tag_int": null, "tag_json": null}}, {"model": "chat.player", "pk": "8fa102a3-8f4d-43a0-b507-23ee983a5e4d", "fields": {"create_date": "2022-02-20T11:50:30.794Z", "name": "取個暱稱吧", "imgUrl_adult": null, "status": 1, "isBanned": false, "city": "Taoyuan", "room": null, "match": null, "user": 46, "gender": "m", "isAdult": true, "isHetero": true, "game": "graduate_girl", "waiting_time": null, "isPrepared": false, "isOn": false, "tag_int": null, "tag_json": null}}, {"model": "chat.player", "pk": "8fe85c66-f8d3-4091-85cf-5a4b60d140c7", "fields": {"create_date": "2022-02-20T11:54:57.072Z", "name": "Hao", "imgUrl_adult": null, "status": 1, "isBanned": false, "city": "Taipei", "room": null, "match": null, "user": 51, "gender": "m", "isAdult": true, "isHetero": true, "game": "graduate_girl", "waiting_time": null, "isPrepared": false, "isOn": false, "tag_int": null, "tag_json": null}}, {"model": "chat.player", "pk": "92391ddc-5642-48c7-8c9f-b89816bf2dbe", "fields": {"create_date": "2022-02-20T14:07:22Z", "name": "為人民服務", "imgUrl_adult": null, "status": 0, "isBanned": false, "city": "Taichung", "room": null, "match": null, "user": 59, "gender": "m", "isAdult": true, "isHetero": true, "game": "graduate_girl", "waiting_time": null, "isPrepared": false, "isOn": false, "tag_int": null, "tag_json": null}}, {"model": "chat.player", "pk": "97164eb2-ef32-4cbe-8ce4-4ec4998d1199", "fields": {"create_date": "2022-02-20T13:52:49Z", "name": "656", "imgUrl_adult": null, "status": 0, "isBanned": false, "city": "New_Taipei", "room": null, "match": null, "user": 57, "gender": "m", "isAdult": true, "isHetero": true, "game": "graduate_girl", "waiting_time": null, "isPrepared": false, "isOn": false, "tag_int": null, "tag_json": null}}, {"model": "chat.player", "pk": "97f8f16d-7d64-4888-9082-6e3a25335c48", "fields": {"create_date": "2022-02-11T19:07:15Z", "name": "管理員", "imgUrl_adult": null, "status": 0, "isBanned": false, "city": "Taipei", "room": null, "match": null, "user": 30, "gender": "m", "isAdult": true, "isHetero": true, "game": "graduate_girl", "waiting_time": null, "isPrepared": false, "isOn": false, "tag_int": null, "tag_json": null}}, {"model": "chat.player", "pk": "9f9d502c-4434-4564-89d5-04e30865d350", "fields": {"create_date": "2022-02-20T11:57:08.400Z", "name": "giles", "imgUrl_adult": null, "status": 1, "isBanned": false, "city": "New_Taipei", "room": null, "match": null, "user": 52, "gender": "m", "isAdult": true, "isHetero": true, "game": "graduate_girl", "waiting_time": null, "isPrepared": false, "isOn": false, "tag_int": null, "tag_json": null}}, {"model": "chat.player", "pk": "a11e44e0-8328-4c4d-ae98-64952dbac5b7", "fields": {"create_date": "2022-02-20T11:49:52.355Z", "name": "Wei", "imgUrl_adult": null, "status": 1, "isBanned": false, "city": "New_Taipei", "room": null, "match": null, "user": 45, "gender": "m", "isAdult": true, "isHetero": true, "game": "graduate_girl", "waiting_time": null, "isPrepared": false, "isOn": false, "tag_int": null, "tag_json": null}}, {"model": "chat.player", "pk": "a6cb7f84-fc4a-462c-838d-5f83277a3450", "fields": {"create_date": "2022-02-20T11:53:05.899Z", "name": "艾迪", "imgUrl_adult": null, "status": 1, "isBanned": false, "city": "Taipei", "room": null, "match": null, "user": 48, "gender": "m", "isAdult": true, "isHetero": true, "game": "graduate_girl", "waiting_time": null, "isPrepared": false, "isOn": false, "tag_int": null, "tag_json": null}}, {"model": "chat.player", "pk": "b3148782-1eee-4bea-8026-c51188491402", "fields": {"create_date": "2022-02-20T12:11:17.191Z", "name": "尬意人妻", "imgUrl_adult": null, "status": 0, "isBanned": false, "city": "Taipei", "room": null, "match": null, "user": 54, "gender": "m", "isAdult": true, "isHetero": true, "game": "graduate_girl", "waiting_time": null, "isPrepared": false, "isOn": false, "tag_int": null, "tag_json": null}}, {"model": "chat.player", "pk": "b898de2b-9123-4f55-8283-e1df60c519e9", "fields": {"create_date": "2022-02-20T14:00:32Z", "name": "kyed", "imgUrl_adult": null, "status": 0, "isBanned": false, "city": "New_Taipei", "room": null, "match": null, "user": 58, "gender": "m", "isAdult": true, "isHetero": true, "game": "graduate_girl", "waiting_time": null, "isPrepared": false, "isOn": false, "tag_int": null, "tag_json": null}}, {"model": "chat.player", "pk": "c384f934-2062-4c31-8d23-6433275eb0c0", "fields": {"create_date": "2022-02-11T17:48:08Z", "name": "新莊國女子", "imgUrl_adult": null, "status": 0, "isBanned": false, "city": "Miaoli", "room": null, "match": null, "user": 33, "gender": "f", "isAdult": true, "isHetero": true, "game": "male_or_female", "waiting_time": null, "isPrepared": false, "isOn": true, "tag_int": null, "tag_json": null}}, {"model": "chat.player", "pk": "dc26e747-4b39-4eb0-a21f-52c05cdef798", "fields": {"create_date": "2022-02-20T11:45:16.194Z", "name": "遠東同學", "imgUrl_adult": null, "status": 0, "isBanned": false, "city": "Tainan", "room": null, "match": null, "user": 39, "gender": "m", "isAdult": true, "isHetero": true, "game": "graduate_girl", "waiting_time": null, "isPrepared": false, "isOn": false, "tag_int": null, "tag_json": null}}, {"model": "chat.player", "pk": "e2abf309-688e-4fd3-b825-72fdb8a83d44", "fields": {"create_date": "2021-12-02T07:29:08Z", "name": "貝盧娜", "imgUrl_adult": null, "status": 0, "isBanned": false, "city": "Kaohsiung", "room": null, "match": null, "user": 26, "gender": "f", "isAdult": true, "isHetero": true, "game": "male_or_female", "waiting_time": null, "isPrepared": false, "isOn": false, "tag_int": null, "tag_json": null}}, {"model": "chat.player", "pk": "e57b77db-55b0-4db3-83a0-0725edb223c3", "fields": {"create_date": "2022-02-20T13:30:51Z", "name": "今天很冷", "imgUrl_adult": null, "status": 0, "isBanned": false, "city": "Taipei", "room": null, "match": null, "user": 56, "gender": "m", "isAdult": true, "isHetero": true, "game": "graduate_girl", "waiting_time": null, "isPrepared": false, "isOn": false, "tag_int": null, "tag_json": null}}, {"model": "chat.player", "pk": "e5eec648-23f2-4923-8ea5-b20c974b8bf0", "fields": {"create_date": "2022-02-20T11:50:47.906Z", "name": "Tom", "imgUrl_adult": null, "status": 1, "isBanned": false, "city": "Taipei", "room": null, "match": null, "user": 47, "gender": "m", "isAdult": true, "isHetero": true, "game": "graduate_girl", "waiting_time": null, "isPrepared": false, "isOn": false, "tag_int": null, "tag_json": null}}, {"model": "chat.player", "pk": "e7a34762-5d14-4ac2-9771-da6c5225d554", "fields": {"create_date": "2022-02-20T11:47:21.865Z", "name": "YY", "imgUrl_adult": null, "status": 1, "isBanned": false, "city": "Kaohsiung", "room": null, "match": null, "user": 43, "gender": "m", "isAdult": true, "isHetero": true, "game": "graduate_girl", "waiting_time": null, "isPrepared": false, "isOn": false, "tag_int": null, "tag_json": null}}, {"model": "chat.player", "pk": "f6df0242-6f31-419a-aecb-05d59d52753d", "fields": {"create_date": "2022-02-20T11:46:46.157Z", "name": "小楷", "imgUrl_adult": null, "status": 0, "isBanned": false, "city": "Hsinchu", "room": null, "match": null, "user": 42, "gender": "m", "isAdult": true, "isHetero": true, "game": "graduate_girl", "waiting_time": null, "isPrepared": false, "isOn": false, "tag_int": null, "tag_json": null}}, {"model": "chat.player", "pk": "f873ae91-4c2a-4fe0-a5d5-c4555525714a", "fields": {"create_date": "2021-12-02T09:30:56Z", "name": "男1", "imgUrl_adult": null, "status": 0, "isBanned": false, "city": "Kaohsiung", "room": null, "match": null, "user": 36, "gender": "m", "isAdult": true, "isHetero": true, "game": "male_or_female", "waiting_time": null, "isPrepared": false, "isOn": true, "tag_int": null, "tag_json": null}}, {"model": "chat.game", "pk": 2, "fields": {"name": "畢業後的第一夜", "game_id": "graduate_girl", "isAdult": true, "isHetero": true, "best_ratio": [4, 1], "threshold_ratio": [1, 1], "story": [["以下劇本是由<span class='a-point'>偵探</span>的視角進行", 0, "s"], ["", 0, "w"], ["===大學畢業晚會===", 0, "s"], ["(今天是我們最後一天待在學校了 突然有點感傷...)", 0, "m"], ["(突然有人叫住我...)", 0, "m"], ["<span class='a-point'>好姐妹</span>：誒！過了今天我們就不再是大學生了耶！ 要不要來做一些特別的事～", 0, "a"], ["說什麼呀 妳是喝醉了哦？", 0, "m"], ["<span class='a-point'>好姐妹</span>：哈哈 等等要不要跟他們去續攤呀？", 0, "a"], ["他們...？", 0, "m"], ["<span class='a-point'>好姐妹</span>：你傻呀！就是剛剛那群人呀！ 我看妳剛剛也玩得很開心呀", 0, "a"], ["哪有！ 那他們要去哪續攤？", 0, "m"], ["<span class='a-point'>好姐妹</span>：妳看妳明明就很有興趣！ 我去問一下好了，我猜應該是學校旁邊的酒吧！ 妳真的要去齁？", 0, "a"], ["應該可吧！ 但我不能玩太晚哦", 0, "m"], ["好姐妹：知道啦，我們走吧！", 0, "a"], ["", 0, "w"], ["", 0, "w"], ["。", 0, "m"], ["。。", 0, "m"], ["。。。", 0, "m"], ["====隔天早上====", 0, "s"], ["(我在宿舍醒來...)", 0, "m"], ["我怎麼......", 0, "m"], ["<span class='a-point'>好姐妹</span>：誒 妳昨天很誇張耶！ 真看不出來妳比我還會玩～ 哈哈", 0, "a"], ["我...？", 0, "m"], ["<span class='a-point'>好姐妹</span>：對呀 還被帥哥帶出場～", 0, "a"], ["怎麼可能！？", 0, "m"], ["<span class='a-point'>好姐妹</span>：真的呀！ 連我也嚇了一跳 認識妳四年 都沒看過妳這麼主動哈哈哈", 0, "a"], ["為什麼我完全沒印象......", 0, "m"], ["<span class='a-point'>好姐妹</span>：哈哈哈我也沒仔細看！ 喝到最後很多人都茫了～", 0, "a"], ["(這個男生是誰呀？ 完全記不起來...... 總之先回去那間酒吧看看吧)", 0, "m"], ["", 0, "w"]], "noPlayerNum": 2, "showGender": true}}, {"model": "chat.game", "pk": 3, "fields": {"name": "不透露性別配對", "game_id": "male_or_female", "isAdult": true, "isHetero": true, "best_ratio": [4, 1], "threshold_ratio": [2, 1], "story": null, "noPlayerNum": 0, "showGender": false}}, {"model": "chat.gamerole", "pk": 1, "fields": {"name": "偵探", "gender": "f", "game": 2, "group": 1}}, {"model": "chat.gamerole", "pk": 2, "fields": {"name": "打工的同事", "gender": "m", "game": 2, "group": 0}}, {"model": "chat.gamerole", "pk": 3, "fields": {"name": "系上學長", "gender": "m", "game": 2, "group": 0}}, {"model": "chat.gamerole", "pk": 4, "fields": {"name": "系上學弟", "gender": "m", "game": 2, "group": 0}}, {"model": "chat.gamerole", "pk": 5, "fields": {"name": "他系學伴", "gender": "m", "game": 2, "group": 0}}, {"model": "chat.gamerole", "pk": 6, "fields": {"name": "通識課同學", "gender": "m", "game": 2, "group": 0}}, {"model": "chat.gamerole", "pk": 7, "fields": {"name": "校草", "gender": "m", "game": 2, "group": 0}}, {"model": "chat.gamerole", "pk": 8, "fields": {"name": "必修課教授", "gender": "m", "game": 2, "group": 0}}, {"model": "chat.gamerole", "pk": 9, "fields": {"name": "愛當人的教授", "gender": "m", "game": 2, "group": 0}}, {"model": "chat.gamerole", "pk": 10, "fields": {"name": "系上邊緣人", "gender": "m", "game": 2, "group": 0}}, {"model": "chat.gamerole", "pk": 11, "fields": {"name": "工具人", "gender": "m", "game": 2, "group": 0}}, {"model": "chat.gamerole", "pk": 12, "fields": {"name": "社團學長", "gender": "m", "game": 2, "group": 0}}, {"model": "chat.gamerole", "pk": 13, "fields": {"name": "社團講師", "gender": "m", "game": 2, "group": 0}}, {"model": "chat.gamerole", "pk": 14, "fields": {"name": "富豪同學", "gender": "m", "game": 2, "group": 0}}, {"model": "chat.gamerole", "pk": 15, "fields": {"name": "好姐妹的男友", "gender": "m", "game": 2, "group": 0}}, {"model": "chat.gamerole", "pk": 16, "fields": {"name": "好姐妹的友人", "gender": "m", "game": 2, "group": 0}}, {"model": "chat.gamerole", "pk": 17, "fields": {"name": "舞會男伴", "gender": "m", "game": 2, "group": 0}}, {"model": "chat.gamerole", "pk": 18, "fields": {"name": "舞會主持人", "gender": "m", "game": 2, "group": 0}}, {"model": "chat.gamerole", "pk": 19, "fields": {"name": "籃球系隊隊長", "gender": "m", "game": 2, "group": 0}}, {"model": "chat.gamerole", "pk": 20, "fields": {"name": "排球系隊隊長", "gender": "m", "game": 2, "group": 0}}, {"model": "chat.gameevent", "pk": 1, "fields": {"name": "與偵探發生關係", "content": [], "game": 2, "group": 0}}, {"model": "chat.gameevent", "pk": 2, "fields": {"name": "與偵探的好姐妹一起出去", "content": [["<span class='a-point'>我</span>：等等要出去走走解酒嗎？", 0, "a"], ["<span class='a-point'>偵探的好姐妹</span>：好呀？ 真的只有解酒嗎哈哈", 0, "a"], ["<span class='a-point'>我</span>：哈哈出去走走才是重點", 0, "a"], ["<span class='a-point'>偵探</span>：你們要去哪？", 0, "a"], ["<span class='a-point'>偵探的好姐妹</span>：哎呀～小孩子不用管", 0, "a"]], "game": 2, "group": 0}}, {"model": "chat.gameevent", "pk": 3, "fields": {"name": "向偵探搭訕要聯絡方式", "content": [["<span class='a-point'>我</span>：妳好～妳好～ 不好意思～ 我也常來這裡喝 以前好像沒看過妳？", 0, "a"], ["<span class='a-point'>偵探</span>：你好～ 我今天第一次來", 0, "a"], ["<span class='a-point'>我</span>：是哦！ 想說這麼可愛的女孩子我怎麼以前都沒發現哈哈", 0, "a"]], "game": 2, "group": 0}}, {"model": "chat.gameevent", "pk": 4, "fields": {"name": "打牌輸給了偵探", "content": [["<span class='a-point'>我</span>：這一次妳沒救了！ 我不相信妳的牌會比我大", 0, "a"], ["<span class='a-point'>偵探</span>：哈哈哈 敢不敢賭大一點的 玩刺激一點的？", 0, "a"], ["<span class='a-point'>我</span>：什麼 你要賭什麼？", 0, "a"]], "game": 2, "group": 0}}, {"model": "chat.gameevent", "pk": 5, "fields": {"name": "被偵探打翻了餐點", "content": [["<span class='a-point'>我</span>：誒 小姐小心後面！ ", 0, "a"], ["<span class='a-point'>偵探</span>：抱歉！抱歉！ 我沒有注意到！ 薯條都打翻了...", 0, "a"], ["<span class='a-point'>我</span>：.........", 0, "a"], ["<span class='a-point'>偵探</span>：我在賠給你吧", 0, "a"]], "game": 2, "group": 0}}, {"model": "chat.gameevent", "pk": 6, "fields": {"name": "靠在偵探的肩膀上睡著了", "content": [["<span class='a-point'>我</span>：我不行了 真的太睏了 先睡了.......", 0, "a"], ["<span class='a-point'>偵探</span>：誒 你往別的地方靠拉", 0, "a"], ["<span class='a-point'>我</span>：zzz......", 0, "a"], ["<span class='a-point'>偵探</span>：你再不起來 我就真的要生氣了哦", 0, "a"]], "game": 2, "group": 0}}, {"model": "chat.gameevent", "pk": 7, "fields": {"name": "與偵探喝了一杯酒", "content": [["<span class='a-point'>我</span>：這杯我請妳吧！", 0, "a"], ["<span class='a-point'>偵探</span>：不行～ 我從不讓男生請客的！", 0, "a"], ["<span class='a-point'>我</span>：不好意思！ 她的這杯算我的！", 0, "a"], ["<span class='a-point'>偵探</span>：誒～ 幹嘛這樣！", 0, "a"]], "game": 2, "group": 0}}, {"model": "chat.gameevent", "pk": 8, "fields": {"name": "吐在偵探的衣服上", "content": [["<span class='a-point'>朋友</span>：最後一杯了！敬所有的畢業生！", 0, "a"], ["<span class='a-point'>我</span>：我不行了...... 呃....嘔....唔.......", 0, "a"], ["<span class='a-point'>偵探</span>：你在幹嘛！？ 太扯了吧...", 0, "a"]], "game": 2, "group": 0}}, {"model": "chat.gameevent", "pk": 9, "fields": {"name": "偵探本人", "content": [], "game": 2, "group": 1}}, {"model": "chat.gameevent", "pk": 10, "fields": {"name": "幫偵探找不見的手機", "content": [["<span class='a-point'>偵探</span>：奇怪 我的手機呢？ 剛剛還在桌上的", 0, "a"], ["<span class='a-point'>我</span>：不見了嗎？ 會不會放在廁所？", 0, "a"], ["<span class='a-point'>偵探</span>：應該不會 你幫我找找拉 應該在吧台那邊？", 0, "a"]], "game": 2, "group": 0}}, {"model": "chat.gameevent", "pk": 11, "fields": {"name": "與偵探玩大冒險", "content": [["<span class='a-point'>我</span>：今天大家都喝醉了！", 0, "a"], ["<span class='a-point'>偵探</span>：喝醉了萬歲！", 0, "a"], ["<span class='a-point'>我</span>：所以大家不管講了什麼都要當作沒聽到！", 0, "a"], ["<span class='a-point'>偵探</span>：沒聽到萬歲！", 0, "a"]], "game": 2, "group": 0}}, {"model": "chat.gameevent", "pk": 12, "fields": {"name": "與偵探一起玩飛鏢", "content": [["<span class='a-point'>我</span>：太扯了吧！ 我連輸三場了", 0, "a"], ["<span class='a-point'>偵探</span>：有人要請客了哦？～", 0, "a"], ["<span class='a-point'>我</span>：不行 我今天太醉了", 0, "a"], ["<span class='a-point'>偵探</span>：誒 不要找藉口拉", 0, "a"]], "game": 2, "group": 0}}, {"model": "chat.gameevent", "pk": 13, "fields": {"name": "喝醉後向偵探表白", "content": [["<span class='a-point'>我</span>：終於找到藉口 趁著醉意上心頭", 0, "a"], ["<span class='a-point'>偵探</span>：唱老歌哦！", 0, "a"], ["<span class='a-point'>我</span>：表達我所有感受～", 0, "a"], ["<span class='a-point'>偵探</span>：你到底要講什麼拉～ 傻眼", 0, "a"]], "game": 2, "group": 0}}, {"model": "chat.gameevent", "pk": 14, "fields": {"name": "向偵探借手機", "content": [["<span class='a-point'>我</span>：誒 你們上週不是去海邊玩嗎？", 0, "a"], ["<span class='a-point'>偵探</span>：對呀", 0, "a"], ["<span class='a-point'>我</span>：是哦！有拍照片嗎？", 0, "a"], ["<span class='a-point'>偵探</span>：有呀！ 你想看哦？", 0, "a"]], "game": 2, "group": 0}}, {"model": "chat.gameevent", "pk": 15, "fields": {"name": "1", "content": ["你現在最想要的東西是什麼？ (限時時間: 1min)"], "game": 3, "group": 0}}, {"model": "chat.gameevent", "pk": 16, "fields": {"name": "2", "content": ["你平時的休閒娛樂是什麼？ (限時時間: 1min)"], "game": 3, "group": 0}}, {"model": "chat.gameevent", "pk": 17, "fields": {"name": "3", "content": ["如果要推薦一部電影，你會選哪一部？ (限時時間: 1min)"], "game": 3, "group": 0}}, {"model": "chat.gameevent", "pk": 18, "fields": {"name": "4", "content": ["你最近在看的Youtuber頻道是？ (限時時間: 1min)"], "game": 3, "group": 0}}, {"model": "chat.gameevent", "pk": 19, "fields": {"name": "5", "content": ["你心目中最好看的電視劇影集是？ (限時時間: 1min)"], "game": 3, "group": 0}}, {"model": "chat.gameevent", "pk": 20, "fields": {"name": "6", "content": ["如果只看暱稱，你認為哪位參加者可能顏值最高？ (限時時間: 1min)"], "game": 3, "group": 0}}, {"model": "chat.gameevent", "pk": 21, "fields": {"name": "7", "content": ["你交過幾任男朋友/女朋友？ (限時時間: 1min)"], "game": 3, "group": 0}}, {"model": "chat.gameevent", "pk": 22, "fields": {"name": "8", "content": ["你最近最常聽的音樂是？ (限時時間: 1min)"], "game": 3, "group": 0}}, {"model": "chat.gameevent", "pk": 23, "fields": {"name": "9", "content": ["DCARD或PPT最常逛的看板是？ (限時時間: 1min)"], "game": 3, "group": 0}}, {"model": "chat.gameevent", "pk": 24, "fields": {"name": "10", "content": ["剛認識的異性對象，你會先問他/她什麼問題？ (限時時間: 1min)"], "game": 3, "group": 0}}, {"model": "chat.gameevent", "pk": 25, "fields": {"name": "11", "content": ["是否有在打遊戲？請說出你最近在玩的遊戲(手遊, 桌遊, 電玩...等)？ (限時時間: 1min)"], "game": 3, "group": 0}}, {"model": "chat.gameevent", "pk": 26, "fields": {"name": "12", "content": ["如果只看暱稱，所有參加者中你認為誰是渣男/渣女？ (限時時間: 1min)"], "game": 3, "group": 0}}, {"model": "chat.gameevent", "pk": 27, "fields": {"name": "13", "content": ["如果只看暱稱，所有參加者中你認為誰最好相處？ (限時時間: 1min)"], "game": 3, "group": 0}}, {"model": "chat.gameevent", "pk": 28, "fields": {"name": "14", "content": ["如果只看暱稱，所有參加者中你認為誰最色？ (限時時間: 1min)"], "game": 3, "group": 0}}, {"model": "chat.gameevent", "pk": 29, "fields": {"name": "15", "content": ["你所居住的城市有什麼好吃的呢？ (限時時間: 1min)"], "game": 3, "group": 0}}, {"model": "chat.gameevent", "pk": 30, "fields": {"name": "16", "content": ["半夜肚子餓，最常吃的宵夜是什麼？ (限時時間: 1min)"], "game": 3, "group": 0}}, {"model": "chat.gameevent", "pk": 31, "fields": {"name": "17", "content": ["哪間飲料店的哪個飲品是你最常點的呢？ (限時時間: 1min)"], "game": 3, "group": 0}}, {"model": "chat.gameevent", "pk": 32, "fields": {"name": "18", "content": ["最喜歡吃的食物是什麼？ (限時時間: 1min)"], "game": 3, "group": 0}}, {"model": "chat.gameevent", "pk": 33, "fields": {"name": "19", "content": ["最近有出去玩嗎？最近一次出遊在哪？ (限時時間: 1min)"], "game": 3, "group": 0}}, {"model": "chat.gameevent", "pk": 34, "fields": {"name": "20", "content": ["如果有時光機，你最想認識哪位歷史人物，為什麼？ (限時時間: 1min)"], "game": 3, "group": 0}}, {"model": "chat.gameevent", "pk": 35, "fields": {"name": "21", "content": ["你近期最想去的國家是哪裡？ (限時時間: 1min)"], "game": 3, "group": 0}}, {"model": "chat.gameevent", "pk": 36, "fields": {"name": "22", "content": ["哪一種動物最能代表你這個人？ (限時時間: 1min)"], "game": 3, "group": 0}}, {"model": "chat.gameevent", "pk": 37, "fields": {"name": "23", "content": ["你最想從事的職位或工作是什麼？ (限時時間: 1min)"], "game": 3, "group": 0}}, {"model": "chat.gameevent", "pk": 38, "fields": {"name": "24", "content": ["如果能自由選擇且不考慮薪水高低，你最想在哪間企業工作？ (限時時間: 1min)"], "game": 3, "group": 0}}, {"model": "chat.gameevent", "pk": 39, "fields": {"name": "25", "content": ["如果只看暱稱，其他參加者都陷於火場中，你會先放棄救誰？ (限時時間: 1min)"], "game": 3, "group": 0}}, {"model": "chat.gameevent", "pk": 40, "fields": {"name": "26", "content": ["中午或晚餐最常吃什麼？ (限時時間: 1min)"], "game": 3, "group": 0}}, {"model": "chat.gameevent", "pk": 41, "fields": {"name": "27", "content": ["一想到你居住的城市，你會想到什麼？ (限時時間: 1min)"], "game": 3, "group": 0}}, {"model": "chat.dialogue", "pk": 7, "fields": {"dialog": ["我的朋友 現在上線也太早了吧！", 0], "game": null, "action": "GREET", "sub": "t05-08", "number": 1}}, {"model": "chat.dialogue", "pk": 8, "fields": {"dialog": ["歡迎所有早上蹺課蹺班的朋友～", 0], "game": null, "action": "GREET", "sub": "t08-12", "number": 1}}, {"model": "chat.dialogue", "pk": 9, "fields": {"dialog": ["下午這段時間很悠閒吧！", 0], "game": null, "action": "GREET", "sub": "t12-17", "number": 1}}, {"model": "chat.dialogue", "pk": 10, "fields": {"dialog": ["現在是晚餐時間呢！", 0], "game": null, "action": "GREET", "sub": "t17-19", "number": 1}}, {"model": "chat.dialogue", "pk": 11, "fields": {"dialog": ["晚上好！", 0], "game": null, "action": "GREET", "sub": "t19-22", "number": 1}}, {"model": "chat.dialogue", "pk": 12, "fields": {"dialog": ["深夜聊天時間～", 0], "game": null, "action": "GREET", "sub": "t22-03", "number": 1}}, {"model": "chat.dialogue", "pk": 13, "fields": {"dialog": ["你在一個很奇怪的時間點上線呢！", 0], "game": null, "action": "GREET", "sub": "t03-05", "number": 1}}, {"model": "chat.dialogue", "pk": 14, "fields": {"dialog": ["{}是現在最多人前往的學校", 0], "game": null, "action": "GREET", "sub": "sch", "number": 1}}, {"model": "chat.dialogue", "pk": 15, "fields": {"dialog": ["推薦你去{}！ 目前做多人使用", 0], "game": null, "action": "GREET", "sub": "sch", "number": 2}}, {"model": "chat.dialogue", "pk": 16, "fields": {"dialog": ["如果我是你，我就去{}！ 人多機會多", 0], "game": null, "action": "GREET", "sub": "sch", "number": 3}}, {"model": "chat.city", "pk": 1, "fields": {"name": "null", "roomNum": 0, "femaleNumForMale": 0, "maleNumForFemale": 0, "femaleNumForFemale": 0, "maleNumForMale": 0}}, {"model": "chat.city", "pk": 2, "fields": {"name": "Matsu", "roomNum": 0, "femaleNumForMale": 0, "maleNumForFemale": 0, "femaleNumForFemale": 0, "maleNumForMale": 0}}, {"model": "chat.city", "pk": 3, "fields": {"name": "Kinmen", "roomNum": 0, "femaleNumForMale": 0, "maleNumForFemale": 0, "femaleNumForFemale": 0, "maleNumForMale": 0}}, {"model": "chat.city", "pk": 4, "fields": {"name": "Taipei", "roomNum": 0, "femaleNumForMale": 0, "maleNumForFemale": 0, "femaleNumForFemale": 0, "maleNumForMale": 0}}, {"model": "chat.city", "pk": 5, "fields": {"name": "New_Taipei", "roomNum": 0, "femaleNumForMale": 0, "maleNumForFemale": 0, "femaleNumForFemale": 0, "maleNumForMale": 0}}, {"model": "chat.city", "pk": 6, "fields": {"name": "Keelung", "roomNum": 0, "femaleNumForMale": 0, "maleNumForFemale": 0, "femaleNumForFemale": 0, "maleNumForMale": 0}}, {"model": "chat.city", "pk": 7, "fields": {"name": "Taoyuan", "roomNum": 0, "femaleNumForMale": 0, "maleNumForFemale": 0, "femaleNumForFemale": 0, "maleNumForMale": 0}}, {"model": "chat.city", "pk": 8, "fields": {"name": "Taichung", "roomNum": 0, "femaleNumForMale": 0, "maleNumForFemale": 0, "femaleNumForFemale": 0, "maleNumForMale": 0}}, {"model": "chat.city", "pk": 9, "fields": {"name": "Tainan", "roomNum": 0, "femaleNumForMale": 0, "maleNumForFemale": 0, "femaleNumForFemale": 0, "maleNumForMale": 0}}, {"model": "chat.city", "pk": 10, "fields": {"name": "Kaohsiung", "roomNum": 0, "femaleNumForMale": 0, "maleNumForFemale": 0, "femaleNumForFemale": 0, "maleNumForMale": 0}}, {"model": "chat.city", "pk": 11, "fields": {"name": "Hsinchu", "roomNum": 0, "femaleNumForMale": 0, "maleNumForFemale": 0, "femaleNumForFemale": 0, "maleNumForMale": 0}}, {"model": "chat.city", "pk": 12, "fields": {"name": "Miaoli", "roomNum": 0, "femaleNumForMale": 0, "maleNumForFemale": 0, "femaleNumForFemale": 0, "maleNumForMale": 0}}, {"model": "chat.city", "pk": 13, "fields": {"name": "Nantou", "roomNum": 0, "femaleNumForMale": 0, "maleNumForFemale": 0, "femaleNumForFemale": 0, "maleNumForMale": 0}}, {"model": "chat.city", "pk": 14, "fields": {"name": "Changhua", "roomNum": 0, "femaleNumForMale": 0, "maleNumForFemale": 0, "femaleNumForFemale": 0, "maleNumForMale": 0}}, {"model": "chat.city", "pk": 15, "fields": {"name": "Yunlin", "roomNum": 0, "femaleNumForMale": 0, "maleNumForFemale": 0, "femaleNumForFemale": 0, "maleNumForMale": 0}}, {"model": "chat.city", "pk": 16, "fields": {"name": "Hualien", "roomNum": 0, "femaleNumForMale": 0, "maleNumForFemale": 0, "femaleNumForFemale": 0, "maleNumForMale": 0}}, {"model": "chat.city", "pk": 17, "fields": {"name": "Taitung", "roomNum": 0, "femaleNumForMale": 0, "maleNumForFemale": 0, "femaleNumForFemale": 0, "maleNumForMale": 0}}, {"model": "chat.city", "pk": 18, "fields": {"name": "Penghu", "roomNum": 0, "femaleNumForMale": 0, "maleNumForFemale": 0, "femaleNumForFemale": 0, "maleNumForMale": 0}}, {"model": "chat.city", "pk": 19, "fields": {"name": "Green_Island", "roomNum": 0, "femaleNumForMale": 0, "maleNumForFemale": 0, "femaleNumForFemale": 0, "maleNumForMale": 0}}, {"model": "chat.city", "pk": 20, "fields": {"name": "Orchid_Island", "roomNum": 0, "femaleNumForMale": 0, "maleNumForFemale": 0, "femaleNumForFemale": 0, "maleNumForMale": 0}}, {"model": "chat.city", "pk": 21, "fields": {"name": "Pingtung", "roomNum": 0, "femaleNumForMale": 0, "maleNumForFemale": 0, "femaleNumForFemale": 0, "maleNumForMale": 0}}, {"model": "chat.city", "pk": 22, "fields": {"name": "Chiayi", "roomNum": 0, "femaleNumForMale": 0, "maleNumForFemale": 0, "femaleNumForFemale": 0, "maleNumForMale": 0}}, {"model": "chat.city", "pk": 23, "fields": {"name": "Yilan", "roomNum": 0, "femaleNumForMale": 0, "maleNumForFemale": 0, "femaleNumForFemale": 0, "maleNumForMale": 0}}, {"model": "chat.photo", "pk": 1, "fields": {"image": "photo/IMG_2146.jpg", "uploader": "802bd4a977594bf2b079c8e4423819a3", "isForAdult": false, "upload_date": "2021-09-23T14:38:38.328Z"}}, {"model": "chat.photo", "pk": 2, "fields": {"image": "photo/IMG_2146_zzahHMZ.jpg", "uploader": "802bd4a977594bf2b079c8e4423819a3", "isForAdult": false, "upload_date": "2021-09-23T15:03:41.546Z"}}, {"model": "chat.photo", "pk": 3, "fields": {"image": "photo/IMG_2146_ynd3wNH.jpg", "uploader": "802bd4a977594bf2b079c8e4423819a3", "isForAdult": false, "upload_date": "2021-09-23T15:11:55.582Z"}}, {"model": "chat.photo", "pk": 4, "fields": {"image": "photo/IMG_2146_wZpdaVK.jpg", "uploader": "802bd4a977594bf2b079c8e4423819a3", "isForAdult": false, "upload_date": "2021-09-23T15:12:23.683Z"}}, {"model": "chat.photo", "pk": 5, "fields": {"image": "photo/IMG_2146_658i5rk.jpg", "uploader": "802bd4a977594bf2b079c8e4423819a3", "isForAdult": false, "upload_date": "2021-09-23T15:13:11.517Z"}}, {"model": "chat.photo", "pk": 6, "fields": {"image": "photo/802bd4a9-7759-4bf2-b079-c8e4423819a30923151457.jpg", "uploader": "802bd4a977594bf2b079c8e4423819a3", "isForAdult": false, "upload_date": "2021-09-23T15:14:57.040Z"}}, {"model": "chat.photo", "pk": 7, "fields": {"image": "photo/802bd4a9-7759-4bf2-b079-c8e4423819a30923151721.jpg", "uploader": "802bd4a977594bf2b079c8e4423819a3", "isForAdult": false, "upload_date": "2021-09-23T15:17:21.441Z"}}, {"model": "chat.photo", "pk": 8, "fields": {"image": "photo/802bd4a9-7759-4bf2-b079-c8e4423819a30923152355.jpg", "uploader": "802bd4a977594bf2b079c8e4423819a3", "isForAdult": false, "upload_date": "2021-09-23T15:23:55.521Z"}}, {"model": "chat.photo", "pk": 9, "fields": {"image": "photo/0f945b4d1013173259681312.jpg", "uploader": "0f945b4d", "isForAdult": false, "upload_date": "2021-10-13T17:32:59.681Z"}}, {"model": "chat.photo", "pk": 10, "fields": {"image": "photo/0f945b4d1013175711381371.jpg", "uploader": "0f945b4d", "isForAdult": false, "upload_date": "2021-10-13T17:57:11.381Z"}}, {"model": "chat.photo", "pk": 11, "fields": {"image": "photo/0f945b4d1013180144270194.jpg", "uploader": "0f945b4d", "isForAdult": false, "upload_date": "2021-10-13T18:01:44.270Z"}}, {"model": "chat.photo", "pk": 12, "fields": {"image": "photo/0f945b4d1013180206284787.jpg", "uploader": "0f945b4d", "isForAdult": false, "upload_date": "2021-10-13T18:02:06.284Z"}}, {"model": "chat.photo", "pk": 13, "fields": {"image": "photo/0f945b4d1013225913496709.jpg", "uploader": "0f945b4d", "isForAdult": false, "upload_date": "2021-10-13T22:59:13.496Z"}}, {"model": "chat.photo", "pk": 14, "fields": {"image": "photo/0f945b4d1013230036249187.jpg", "uploader": "0f945b4d", "isForAdult": false, "upload_date": "2021-10-13T23:00:36.249Z"}}, {"model": "chat.photo", "pk": 15, "fields": {"image": "photo/918052d81013231642325967.jpg", "uploader": "918052d8", "isForAdult": false, "upload_date": "2021-10-13T23:16:42.325Z"}}, {"model": "chat.photo", "pk": 16, "fields": {"image": "photo/0f945b4d1013231706079143.jpg", "uploader": "0f945b4d", "isForAdult": false, "upload_date": "2021-10-13T23:17:06.079Z"}}, {"model": "chat.photo", "pk": 17, "fields": {"image": "photo/0f945b4d1013232009054650.jpg", "uploader": "0f945b4d", "isForAdult": false, "upload_date": "2021-10-13T23:20:09.054Z"}}, {"model": "chat.photo", "pk": 18, "fields": {"image": "photo/0f945b4d1013232816303361.jpg", "uploader": "0f945b4d", "isForAdult": false, "upload_date": "2021-10-13T23:28:16.303Z"}}, {"model": "chat.photo", "pk": 19, "fields": {"image": "photo/0f945b4d1013232932464031.jpg", "uploader": "0f945b4d", "isForAdult": false, "upload_date": "2021-10-13T23:29:32.464Z"}}, {"model": "chat.photo", "pk": 20, "fields": {"image": "photo/0f945b4d1013233130673172.jpg", "uploader": "0f945b4d", "isForAdult": false, "upload_date": "2021-10-13T23:31:30.673Z"}}, {"model": "chat.photo", "pk": 21, "fields": {"image": "photo/918052d81013233145442884.jpg", "uploader": "918052d8", "isForAdult": false, "upload_date": "2021-10-13T23:31:45.442Z"}}, {"model": "chat.photo", "pk": 22, "fields": {"image": "photo/918052d81013233204602207.jpg", "uploader": "918052d8", "isForAdult": false, "upload_date": "2021-10-13T23:32:04.602Z"}}, {"model": "chat.photo", "pk": 23, "fields": {"image": "photo/0f945b4d1016035702554714.jpeg", "uploader": "0f945b4d", "isForAdult": false, "upload_date": "2021-10-16T03:57:02.554Z"}}, {"model": "chat.photo", "pk": 24, "fields": {"image": "photo/1afdcfae1103163156795398.jpeg", "uploader": "1afdcfae", "isForAdult": false, "upload_date": "2021-11-03T16:31:56.795Z"}}, {"model": "chat.photo", "pk": 25, "fields": {"image": "photo/1afdcfae1103164523021525.jpeg", "uploader": "1afdcfae", "isForAdult": false, "upload_date": "2021-11-03T16:45:23.021Z"}}]