id,image,upload_date,isForAdult,uploader
1,photo/IMG_2146.jpg,2021-09-23 14:38:38.328198,0,802bd4a977594bf2b079c8e4423819a3
2,photo/IMG_2146_zzahHMZ.jpg,2021-09-23 15:03:41.546799,0,802bd4a977594bf2b079c8e4423819a3
3,photo/IMG_2146_ynd3wNH.jpg,2021-09-23 15:11:55.582509,0,802bd4a977594bf2b079c8e4423819a3
4,photo/IMG_2146_wZpdaVK.jpg,2021-09-23 15:12:23.683531,0,802bd4a977594bf2b079c8e4423819a3
5,photo/IMG_2146_658i5rk.jpg,2021-09-23 15:13:11.517537,0,802bd4a977594bf2b079c8e4423819a3
6,photo/802bd4a9-7759-4bf2-b079-c8e4423819a30923151457.jpg,2021-09-23 15:14:57.040757,0,802bd4a977594bf2b079c8e4423819a3
7,photo/802bd4a9-7759-4bf2-b079-c8e4423819a30923151721.jpg,2021-09-23 15:17:21.441631,0,802bd4a977594bf2b079c8e4423819a3
8,photo/802bd4a9-7759-4bf2-b079-c8e4423819a30923152355.jpg,2021-09-23 15:23:55.521997,0,802bd4a977594bf2b079c8e4423819a3
9,photo/0f945b4d1013173259681312.jpg,2021-10-13 17:32:59.681312,0,0f945b4d
10,photo/0f945b4d1013175711381371.jpg,2021-10-13 17:57:11.381371,0,0f945b4d
11,photo/0f945b4d1013180144270194.jpg,2021-10-13 18:01:44.270194,0,0f945b4d
12,photo/0f945b4d1013180206284787.jpg,2021-10-13 18:02:06.284787,0,0f945b4d
13,photo/0f945b4d1013225913496709.jpg,2021-10-13 22:59:13.496709,0,0f945b4d
14,photo/0f945b4d1013230036249187.jpg,2021-10-13 23:00:36.249187,0,0f945b4d
15,photo/918052d81013231642325967.jpg,2021-10-13 23:16:42.325967,0,918052d8
16,photo/0f945b4d1013231706079143.jpg,2021-10-13 23:17:06.079143,0,0f945b4d
17,photo/0f945b4d1013232009054650.jpg,2021-10-13 23:20:09.054650,0,0f945b4d
18,photo/0f945b4d1013232816303361.jpg,2021-10-13 23:28:16.303361,0,0f945b4d
19,photo/0f945b4d1013232932464031.jpg,2021-10-13 23:29:32.464031,0,0f945b4d
20,photo/0f945b4d1013233130673172.jpg,2021-10-13 23:31:30.673172,0,0f945b4d
21,photo/918052d81013233145442884.jpg,2021-10-13 23:31:45.442884,0,918052d8
22,photo/918052d81013233204602207.jpg,2021-10-13 23:32:04.602207,0,918052d8
23,photo/0f945b4d1016035702554714.jpeg,2021-10-16 03:57:02.554714,0,0f945b4d
24,photo/1afdcfae1103163156795398.jpeg,2021-11-03 16:31:56.795398,0,1afdcfae
25,photo/1afdcfae1103164523021525.jpeg,2021-11-03 16:45:23.021525,0,1afdcfae
